link_AA,link_AB,link_AC,link_BA,link_BB,link_BC,link_CA,link_CB,link_CC,Q_value,is_adaptive,Q_LSODA,Q_Radau,stiff_flag,avg_sensitivity,avg_precision,max_sensitivity,max_precision,topo_motif
-1,1,-1,-1,-1,1,-1,-1,-1,2,1,2,0,0,8.48647042754051,2.682348104670673,10.012770352067118,3.3857121000829133,Both
-1,1,-1,-1,-1,1,-1,-1,0,2,1,2,0,0,1.0293559740105496,4.56291341451503,1.0307555973583518,8.09735354373929,Both
-1,1,-1,-1,-1,1,-1,-1,1,0,0,0,0,0,0.0,0.0,0.0,0.0,Both
-1,1,-1,-1,-1,1,-1,0,-1,0,0,0,0,0,0.0,0.0,0.0,0.0,Both
-1,1,-1,-1,-1,1,-1,0,0,0,0,0,0,0,0.0,0.0,0.0,0.0,Both
-1,1,-1,-1,-1,1,-1,0,1,0,0,0,0,0,0.0,0.0,0.0,0.0,Both
-1,1,-1,-1,-1,1,-1,1,-1,0,0,0,0,0,0.0,0.0,0.0,0.0,Both
-1,1,-1,-1,-1,1,-1,1,0,0,0,0,0,0,0.0,0.0,0.0,0.0,Both
-1,1,-1,-1,-1,1,-1,1,1,0,0,0,0,0,0.0,0.0,0.0,0.0,Both
-1,1,-1,-1,-1,1,0,-1,-1,1,1,1,0,0,1.4601075563150325,6.187045810551448,1.4601075563150325,6.187045810551448,IFFLP
-1,1,-1,-1,-1,1,0,-1,0,0,0,0,0,0,0.0,0.0,0.0,0.0,IFFLP
-1,1,-1,-1,-1,1,0,-1,1,0,0,0,0,0,0.0,0.0,0.0,0.0,IFFLP
-1,1,-1,-1,-1,1,0,0,-1,0,0,0,0,0,0.0,0.0,0.0,0.0,IFFLP
-1,1,-1,-1,-1,1,0,0,0,0,0,0,0,0,0.0,0.0,0.0,0.0,IFFLP
-1,1,-1,-1,-1,1,0,0,1,0,0,0,0,0,0.0,0.0,0.0,0.0,IFFLP
-1,1,-1,-1,-1,1,0,1,-1,0,0,0,0,0,0.0,0.0,0.0,0.0,IFFLP
-1,1,-1,-1,-1,1,0,1,0,0,0,0,0,0,0.0,0.0,0.0,0.0,IFFLP
-1,1,-1,-1,-1,1,0,1,1,0,0,0,0,0,0.0,0.0,0.0,0.0,IFFLP
-1,1,-1,-1,-1,1,1,-1,-1,1,1,1,0,0,2.2943286585782796,2.423529646057981,2.2943286585782796,2.423529646057981,IFFLP
-1,1,-1,-1,-1,1,1,-1,0,0,0,0,0,0,0.0,0.0,0.0,0.0,IFFLP
-1,1,-1,-1,-1,1,1,-1,1,1,1,1,0,0,1.4059628644518858,1.3166988041439696,1.4059628644518858,1.3166988041439696,IFFLP
-1,1,-1,-1,-1,1,1,0,-1,0,0,0,0,0,0.0,0.0,0.0,0.0,IFFLP
-1,1,-1,-1,-1,1,1,0,0,0,0,0,0,0,0.0,0.0,0.0,0.0,IFFLP
-1,1,-1,-1,-1,1,1,0,1,0,0,0,0,0,0.0,0.0,0.0,0.0,IFFLP
-1,1,-1,-1,-1,1,1,1,-1,0,0,0,0,0,0.0,0.0,0.0,0.0,IFFLP
-1,1,-1,-1,-1,1,1,1,0,1,1,1,0,0,1.7156097452487262,1.6249844698038203,1.7156097452487262,1.6249844698038203,IFFLP
-1,1,-1,-1,-1,1,1,1,1,1,1,1,0,0,1.8752009359716642,22703.943150685966,1.8752009359716642,22703.943150685966,IFFLP
-1,1,-1,-1,0,1,-1,-1,-1,1,1,0,1,1,12.530033759742983,0.9022437361330232,12.530033759742983,0.9022437361330232,Both
-1,1,-1,-1,0,1,-1,-1,0,2,1,2,0,0,3.692165730087691,1.6330686344199528,5.222265371798567,2.3266764761638106,Both
-1,1,-1,-1,0,1,-1,-1,1,1,1,1,0,0,31.73126725257238,5.773341421148151,31.73126725257238,5.773341421148151,Both
-1,1,-1,-1,0,1,-1,0,-1,0,0,0,0,0,0.0,0.0,0.0,0.0,Both
-1,1,-1,-1,0,1,-1,0,0,1,1,1,0,0,1.0280132575792846,0.978920062439431,1.0280132575792846,0.978920062439431,Both
-1,1,-1,-1,0,1,-1,0,1,0,0,0,0,0,0.0,0.0,0.0,0.0,Both
-1,1,-1,-1,0,1,-1,1,-1,0,0,0,0,0,0.0,0.0,0.0,0.0,Both
-1,1,-1,-1,0,1,-1,1,0,0,0,0,0,0,0.0,0.0,0.0,0.0,Both
-1,1,-1,-1,0,1,-1,1,1,0,0,0,0,0,0.0,0.0,0.0,0.0,Both
-1,1,-1,-1,0,1,0,-1,-1,2,1,2,0,0,9.791665341350395,1.277379124456285,18.51798338921716,1.5065820687465745,IFFLP
-1,1,-1,-1,0,1,0,-1,0,0,0,0,0,0,0.0,0.0,0.0,0.0,IFFLP
-1,1,-1,-1,0,1,0,-1,1,1,1,1,0,0,1.9007297843408257,4.471097608244068,1.9007297843408257,4.471097608244068,IFFLP
-1,1,-1,-1,0,1,0,0,-1,0,0,0,0,0,0.0,0.0,0.0,0.0,IFFLP
-1,1,-1,-1,0,1,0,0,0,1,1,1,0,0,1.5085938137729675,0.9711167875539712,1.5085938137729675,0.9711167875539712,IFFLP
-1,1,-1,-1,0,1,0,0,1,1,1,1,0,0,112.41118120961583,1.1898679393893945,112.41118120961583,1.1898679393893945,IFFLP
-1,1,-1,-1,0,1,0,1,-1,0,0,0,0,0,0.0,0.0,0.0,0.0,IFFLP
-1,1,-1,-1,0,1,0,1,0,0,0,0,0,0,0.0,0.0,0.0,0.0,IFFLP
-1,1,-1,-1,0,1,0,1,1,0,0,0,0,0,0.0,0.0,0.0,0.0,IFFLP
-1,1,-1,-1,0,1,1,-1,-1,0,0,0,0,0,0.0,0.0,0.0,0.0,IFFLP
-1,1,-1,-1,0,1,1,-1,0,1,1,1,0,0,3.1965815779763433,0.937586819830212,3.1965815779763433,0.937586819830212,IFFLP
-1,1,-1,-1,0,1,1,-1,1,1,1,1,0,0,1.0196564425352126,1.3806343520918347,1.0196564425352126,1.3806343520918347,IFFLP
-1,1,-1,-1,0,1,1,0,-1,0,0,0,0,0,0.0,0.0,0.0,0.0,IFFLP
-1,1,-1,-1,0,1,1,0,0,1,1,1,0,0,120.08187887554986,0.957315702541371,120.08187887554986,0.957315702541371,IFFLP
-1,1,-1,-1,0,1,1,0,1,0,0,0,0,0,0.0,0.0,0.0,0.0,IFFLP
-1,1,-1,-1,0,1,1,1,-1,1,1,1,0,0,3.8748541412571607,0.9367984041065202,3.8748541412571607,0.9367984041065202,IFFLP
-1,1,-1,-1,0,1,1,1,0,0,0,0,0,0,0.0,0.0,0.0,0.0,IFFLP
-1,1,-1,-1,0,1,1,1,1,0,0,0,0,0,0.0,0.0,0.0,0.0,IFFLP
-1,1,-1,-1,1,1,-1,-1,-1,3,1,3,0,0,1.4751633109201292,3.5570890204275396,2.0132337678293113,8.57986421851812,Both
-1,1,-1,-1,1,1,-1,-1,0,2,1,2,0,0,7.486885392182764,118.06918415429698,13.255864389386385,216.1176365477046,Both
-1,1,-1,-1,1,1,-1,-1,1,0,0,0,0,0,0.0,0.0,0.0,0.0,Both
-1,1,-1,-1,1,1,-1,0,-1,0,0,0,0,0,0.0,0.0,0.0,0.0,Both
-1,1,-1,-1,1,1,-1,0,0,0,0,0,0,0,0.0,0.0,0.0,0.0,Both
-1,1,-1,-1,1,1,-1,0,1,0,0,0,0,0,0.0,0.0,0.0,0.0,Both
-1,1,-1,-1,1,1,-1,1,-1,0,0,0,0,0,0.0,0.0,0.0,0.0,Both
-1,1,-1,-1,1,1,-1,1,0,0,0,0,0,0,0.0,0.0,0.0,0.0,Both
-1,1,-1,-1,1,1,-1,1,1,0,0,0,0,0,0.0,0.0,0.0,0.0,Both
-1,1,-1,-1,1,1,0,-1,-1,1,1,1,0,0,347.911019912793,1.377279115819844,347.911019912793,1.377279115819844,IFFLP
-1,1,-1,-1,1,1,0,-1,0,3,1,3,0,0,3.120715271722998,1.3050888551625233,5.6533251228864225,1.495183361376247,IFFLP
-1,1,-1,-1,1,1,0,-1,1,5,1,5,0,0,6.044868049563413,2.320596457087108,12.29231684966383,5.876377503911267,IFFLP
-1,1,-1,-1,1,1,0,0,-1,0,0,0,0,0,0.0,0.0,0.0,0.0,IFFLP
-1,1,-1,-1,1,1,0,0,0,0,0,0,0,0,0.0,0.0,0.0,0.0,IFFLP
-1,1,-1,-1,1,1,0,0,1,0,0,0,0,0,0.0,0.0,0.0,0.0,IFFLP
-1,1,-1,-1,1,1,0,1,-1,0,0,0,0,0,0.0,0.0,0.0,0.0,IFFLP
-1,1,-1,-1,1,1,0,1,0,0,0,0,0,0,0.0,0.0,0.0,0.0,IFFLP
-1,1,-1,-1,1,1,0,1,1,0,0,0,0,0,0.0,0.0,0.0,0.0,IFFLP
-1,1,-1,-1,1,1,1,-1,-1,3,1,3,0,0,6.1299443707255845,1.6267580375111805,7.166470298458918,2.7055321045119216,IFFLP
-1,1,-1,-1,1,1,1,-1,0,1,1,1,0,0,3.113176876893181,3.8638021207088378,3.113176876893181,3.8638021207088378,IFFLP
-1,1,-1,-1,1,1,1,-1,1,7,1,7,0,0,60.10071218573986,5762.692490844037,355.02090375609913,40324.78513862715,IFFLP
-1,1,-1,-1,1,1,1,0,-1,0,0,0,0,0,0.0,0.0,0.0,0.0,IFFLP
-1,1,-1,-1,1,1,1,0,0,0,0,0,0,0,0.0,0.0,0.0,0.0,IFFLP
-1,1,-1,-1,1,1,1,0,1,0,0,0,0,0,0.0,0.0,0.0,0.0,IFFLP
-1,1,-1,-1,1,1,1,1,-1,0,0,0,0,0,0.0,0.0,0.0,0.0,IFFLP
-1,1,-1,-1,1,1,1,1,0,0,0,0,0,0,0.0,0.0,0.0,0.0,IFFLP
-1,1,-1,-1,1,1,1,1,1,0,0,0,0,0,0.0,0.0,0.0,0.0,IFFLP
-1,1,-1,0,-1,1,-1,-1,-1,1,1,1,0,0,1.562141898024432,1.0881287736051015,1.562141898024432,1.0881287736051015,Both
-1,1,-1,0,-1,1,-1,-1,0,0,0,0,0,0,0.0,0.0,0.0,0.0,Both
-1,1,-1,0,-1,1,-1,-1,1,0,0,0,0,0,0.0,0.0,0.0,0.0,Both
-1,1,-1,0,-1,1,-1,0,-1,0,0,0,0,0,0.0,0.0,0.0,0.0,Both
-1,1,-1,0,-1,1,-1,0,0,0,0,0,0,0,0.0,0.0,0.0,0.0,Both
-1,1,-1,0,-1,1,-1,0,1,0,0,0,0,0,0.0,0.0,0.0,0.0,Both
-1,1,-1,0,-1,1,-1,1,-1,0,0,0,0,0,0.0,0.0,0.0,0.0,Both
-1,1,-1,0,-1,1,-1,1,0,0,0,0,0,0,0.0,0.0,0.0,0.0,Both
-1,1,-1,0,-1,1,-1,1,1,0,0,0,0,0,0.0,0.0,0.0,0.0,Both
-1,1,-1,0,-1,1,0,-1,-1,0,0,0,0,0,0.0,0.0,0.0,0.0,IFFLP
-1,1,-1,0,-1,1,0,-1,0,0,0,0,0,0,0.0,0.0,0.0,0.0,IFFLP
-1,1,-1,0,-1,1,0,-1,1,0,0,0,0,0,0.0,0.0,0.0,0.0,IFFLP
-1,1,-1,0,-1,1,0,0,-1,0,0,0,0,0,0.0,0.0,0.0,0.0,IFFLP
-1,1,-1,0,-1,1,0,0,0,0,0,0,0,0,0.0,0.0,0.0,0.0,IFFLP
-1,1,-1,0,-1,1,0,0,1,0,0,0,0,0,0.0,0.0,0.0,0.0,IFFLP
-1,1,-1,0,-1,1,0,1,-1,0,0,0,0,0,0.0,0.0,0.0,0.0,IFFLP
-1,1,-1,0,-1,1,0,1,0,0,0,0,0,0,0.0,0.0,0.0,0.0,IFFLP
-1,1,-1,0,-1,1,0,1,1,0,0,0,0,0,0.0,0.0,0.0,0.0,IFFLP
-1,1,-1,0,-1,1,1,-1,-1,0,0,0,0,0,0.0,0.0,0.0,0.0,IFFLP
-1,1,-1,0,-1,1,1,-1,0,0,0,0,0,0,0.0,0.0,0.0,0.0,IFFLP
-1,1,-1,0,-1,1,1,-1,1,0,0,0,0,0,0.0,0.0,0.0,0.0,IFFLP
-1,1,-1,0,-1,1,1,0,-1,0,0,0,0,0,0.0,0.0,0.0,0.0,IFFLP
-1,1,-1,0,-1,1,1,0,0,0,0,0,0,0,0.0,0.0,0.0,0.0,IFFLP
-1,1,-1,0,-1,1,1,0,1,0,0,0,0,0,0.0,0.0,0.0,0.0,IFFLP
-1,1,-1,0,-1,1,1,1,-1,0,0,0,0,0,0.0,0.0,0.0,0.0,IFFLP
-1,1,-1,0,-1,1,1,1,0,0,0,0,0,0,0.0,0.0,0.0,0.0,IFFLP
-1,1,-1,0,-1,1,1,1,1,0,0,0,0,0,0.0,0.0,0.0,0.0,IFFLP
-1,1,-1,0,0,1,-1,-1,-1,0,0,0,0,0,0.0,0.0,0.0,0.0,Both
-1,1,-1,0,0,1,-1,-1,0,1,1,1,0,0,1.0788275301330807,2.582605918270184,1.0788275301330807,2.582605918270184,Both
-1,1,-1,0,0,1,-1,-1,1,1,1,1,0,0,1.5653631337755578,138.4767612988602,1.5653631337755578,138.4767612988602,Both
-1,1,-1,0,0,1,-1,0,-1,0,0,0,0,0,0.0,0.0,0.0,0.0,Both
-1,1,-1,0,0,1,-1,0,0,0,0,0,0,0,0.0,0.0,0.0,0.0,Both
-1,1,-1,0,0,1,-1,0,1,0,0,0,0,0,0.0,0.0,0.0,0.0,Both
-1,1,-1,0,0,1,-1,1,-1,0,0,0,0,0,0.0,0.0,0.0,0.0,Both
-1,1,-1,0,0,1,-1,1,0,0,0,0,0,0,0.0,0.0,0.0,0.0,Both
-1,1,-1,0,0,1,-1,1,1,0,0,0,0,0,0.0,0.0,0.0,0.0,Both
-1,1,-1,0,0,1,0,-1,-1,0,0,0,0,0,0.0,0.0,0.0,0.0,IFFLP
-1,1,-1,0,0,1,0,-1,0,0,0,0,0,0,0.0,0.0,0.0,0.0,IFFLP
-1,1,-1,0,0,1,0,-1,1,1,1,1,0,0,11.403518657496447,1.2289410320764698,11.403518657496447,1.2289410320764698,IFFLP
-1,1,-1,0,0,1,0,0,-1,0,0,0,0,0,0.0,0.0,0.0,0.0,IFFLP
-1,1,-1,0,0,1,0,0,0,0,0,0,0,0,0.0,0.0,0.0,0.0,IFFLP
-1,1,-1,0,0,1,0,0,1,0,0,0,0,0,0.0,0.0,0.0,0.0,IFFLP
-1,1,-1,0,0,1,0,1,-1,0,0,0,0,0,0.0,0.0,0.0,0.0,IFFLP
-1,1,-1,0,0,1,0,1,0,0,0,0,0,0,0.0,0.0,0.0,0.0,IFFLP
-1,1,-1,0,0,1,0,1,1,0,0,0,0,0,0.0,0.0,0.0,0.0,IFFLP
-1,1,-1,0,0,1,1,-1,-1,0,0,0,0,0,0.0,0.0,0.0,0.0,IFFLP
-1,1,-1,0,0,1,1,-1,0,0,0,0,0,0,0.0,0.0,0.0,0.0,IFFLP
-1,1,-1,0,0,1,1,-1,1,0,0,0,0,0,0.0,0.0,0.0,0.0,IFFLP
-1,1,-1,0,0,1,1,0,-1,0,0,0,0,0,0.0,0.0,0.0,0.0,IFFLP
-1,1,-1,0,0,1,1,0,0,0,0,0,0,0,0.0,0.0,0.0,0.0,IFFLP
-1,1,-1,0,0,1,1,0,1,0,0,0,0,0,0.0,0.0,0.0,0.0,IFFLP
-1,1,-1,0,0,1,1,1,-1,0,0,0,0,0,0.0,0.0,0.0,0.0,IFFLP
-1,1,-1,0,0,1,1,1,0,0,0,0,0,0,0.0,0.0,0.0,0.0,IFFLP
-1,1,-1,0,0,1,1,1,1,1,1,1,0,0,1.17999068986556,7.332731945748676,1.17999068986556,7.332731945748676,IFFLP
-1,1,-1,0,1,1,-1,-1,-1,2,1,2,0,0,13.847712553369956,1.6346562678849865,19.45846142793072,1.8157630239125886,Both
-1,1,-1,0,1,1,-1,-1,0,3,1,3,0,0,7.939839420559537,3.5289211423610283,12.108093064422505,7.192646018377111,Both
-1,1,-1,0,1,1,-1,-1,1,0,0,0,0,0,0.0,0.0,0.0,0.0,Both
-1,1,-1,0,1,1,-1,0,-1,0,0,0,0,0,0.0,0.0,0.0,0.0,Both
-1,1,-1,0,1,1,-1,0,0,0,0,0,0,0,0.0,0.0,0.0,0.0,Both
-1,1,-1,0,1,1,-1,0,1,0,0,0,0,0,0.0,0.0,0.0,0.0,Both
-1,1,-1,0,1,1,-1,1,-1,0,0,0,0,0,0.0,0.0,0.0,0.0,Both
-1,1,-1,0,1,1,-1,1,0,0,0,0,0,0,0.0,0.0,0.0,0.0,Both
-1,1,-1,0,1,1,-1,1,1,0,0,0,0,0,0.0,0.0,0.0,0.0,Both
-1,1,-1,0,1,1,0,-1,-1,1,1,1,0,0,69.10090585103752,3.458284712491323,69.10090585103752,3.458284712491323,IFFLP
-1,1,-1,0,1,1,0,-1,0,4,1,4,0,0,1.6740612247636353,5.5273757004390704,1.9596973765199557,15.164086701666198,IFFLP
-1,1,-1,0,1,1,0,-1,1,0,0,0,0,0,0.0,0.0,0.0,0.0,IFFLP
-1,1,-1,0,1,1,0,0,-1,0,0,0,0,0,0.0,0.0,0.0,0.0,IFFLP
-1,1,-1,0,1,1,0,0,0,0,0,0,0,0,0.0,0.0,0.0,0.0,IFFLP
-1,1,-1,0,1,1,0,0,1,0,0,0,0,0,0.0,0.0,0.0,0.0,IFFLP
-1,1,-1,0,1,1,0,1,-1,0,0,0,0,0,0.0,0.0,0.0,0.0,IFFLP
-1,1,-1,0,1,1,0,1,0,0,0,0,0,0,0.0,0.0,0.0,0.0,IFFLP
-1,1,-1,0,1,1,0,1,1,0,0,0,0,0,0.0,0.0,0.0,0.0,IFFLP
-1,1,-1,0,1,1,1,-1,-1,0,0,0,0,0,0.0,0.0,0.0,0.0,IFFLP
-1,1,-1,0,1,1,1,-1,0,1,1,1,0,0,1.0305648117173711,1.35813432282001,1.0305648117173711,1.35813432282001,IFFLP
-1,1,-1,0,1,1,1,-1,1,1,1,1,0,0,1.2469985140525879,0.9069133953948071,1.2469985140525879,0.9069133953948071,IFFLP
-1,1,-1,0,1,1,1,0,-1,0,0,0,0,0,0.0,0.0,0.0,0.0,IFFLP
-1,1,-1,0,1,1,1,0,0,0,0,0,0,0,0.0,0.0,0.0,0.0,IFFLP
-1,1,-1,0,1,1,1,0,1,0,0,0,0,0,0.0,0.0,0.0,0.0,IFFLP
-1,1,-1,0,1,1,1,1,-1,0,0,0,0,0,0.0,0.0,0.0,0.0,IFFLP
-1,1,-1,0,1,1,1,1,0,0,0,0,0,0,0.0,0.0,0.0,0.0,IFFLP
-1,1,-1,0,1,1,1,1,1,0,0,0,0,0,0.0,0.0,0.0,0.0,IFFLP
-1,1,-1,1,-1,1,-1,-1,-1,1,1,1,0,0,9.196696213200664,1.0621552806359031,9.196696213200664,1.0621552806359031,Both
-1,1,-1,1,-1,1,-1,-1,0,1,1,1,0,0,1.4672249847612682,1.4219250589279668,1.4672249847612682,1.4219250589279668,Both
-1,1,-1,1,-1,1,-1,-1,1,0,0,0,0,0,0.0,0.0,0.0,0.0,Both
-1,1,-1,1,-1,1,-1,0,-1,0,0,0,0,0,0.0,0.0,0.0,0.0,Both
-1,1,-1,1,-1,1,-1,0,0,0,0,0,0,0,0.0,0.0,0.0,0.0,Both
-1,1,-1,1,-1,1,-1,0,1,0,0,0,0,0,0.0,0.0,0.0,0.0,Both
-1,1,-1,1,-1,1,-1,1,-1,0,0,0,0,0,0.0,0.0,0.0,0.0,Both
-1,1,-1,1,-1,1,-1,1,0,0,0,0,0,0,0.0,0.0,0.0,0.0,Both
-1,1,-1,1,-1,1,-1,1,1,0,0,0,0,0,0.0,0.0,0.0,0.0,Both
-1,1,-1,1,-1,1,0,-1,-1,0,0,0,0,0,0.0,0.0,0.0,0.0,IFFLP
-1,1,-1,1,-1,1,0,-1,0,0,0,0,0,0,0.0,0.0,0.0,0.0,IFFLP
-1,1,-1,1,-1,1,0,-1,1,0,0,0,0,0,0.0,0.0,0.0,0.0,IFFLP
-1,1,-1,1,-1,1,0,0,-1,0,0,0,0,0,0.0,0.0,0.0,0.0,IFFLP
-1,1,-1,1,-1,1,0,0,0,0,0,0,0,0,0.0,0.0,0.0,0.0,IFFLP
-1,1,-1,1,-1,1,0,0,1,0,0,0,0,0,0.0,0.0,0.0,0.0,IFFLP
-1,1,-1,1,-1,1,0,1,-1,0,0,0,0,0,0.0,0.0,0.0,0.0,IFFLP
-1,1,-1,1,-1,1,0,1,0,0,0,0,0,0,0.0,0.0,0.0,0.0,IFFLP
-1,1,-1,1,-1,1,0,1,1,0,0,0,0,0,0.0,0.0,0.0,0.0,IFFLP
-1,1,-1,1,-1,1,1,-1,-1,0,0,0,0,0,0.0,0.0,0.0,0.0,IFFLP
-1,1,-1,1,-1,1,1,-1,0,0,0,0,0,0,0.0,0.0,0.0,0.0,IFFLP
-1,1,-1,1,-1,1,1,-1,1,0,0,0,0,0,0.0,0.0,0.0,0.0,IFFLP
-1,1,-1,1,-1,1,1,0,-1,0,0,0,0,0,0.0,0.0,0.0,0.0,IFFLP
-1,1,-1,1,-1,1,1,0,0,0,0,0,0,0,0.0,0.0,0.0,0.0,IFFLP
-1,1,-1,1,-1,1,1,0,1,0,0,0,0,0,0.0,0.0,0.0,0.0,IFFLP
-1,1,-1,1,-1,1,1,1,-1,0,0,0,0,0,0.0,0.0,0.0,0.0,IFFLP
-1,1,-1,1,-1,1,1,1,0,0,0,0,0,0,0.0,0.0,0.0,0.0,IFFLP
-1,1,-1,1,-1,1,1,1,1,0,0,0,0,0,0.0,0.0,0.0,0.0,IFFLP
-1,1,-1,1,0,1,-1,-1,-1,2,1,2,0,0,6.769411695552079,1.1470652633300769,11.37891573772921,1.275046926078604,Both
-1,1,-1,1,0,1,-1,-1,0,1,1,1,0,0,1.8106010905596392,2.801931691010382,1.8106010905596392,2.801931691010382,Both
-1,1,-1,1,0,1,-1,-1,1,0,0,0,0,0,0.0,0.0,0.0,0.0,Both
-1,1,-1,1,0,1,-1,0,-1,0,0,0,0,0,0.0,0.0,0.0,0.0,Both
-1,1,-1,1,0,1,-1,0,0,0,0,0,0,0,0.0,0.0,0.0,0.0,Both
-1,1,-1,1,0,1,-1,0,1,0,0,0,0,0,0.0,0.0,0.0,0.0,Both
-1,1,-1,1,0,1,-1,1,-1,0,0,0,0,0,0.0,0.0,0.0,0.0,Both
-1,1,-1,1,0,1,-1,1,0,0,0,0,0,0,0.0,0.0,0.0,0.0,Both
-1,1,-1,1,0,1,-1,1,1,0,0,0,0,0,0.0,0.0,0.0,0.0,Both
-1,1,-1,1,0,1,0,-1,-1,0,0,0,0,0,0.0,0.0,0.0,0.0,IFFLP
-1,1,-1,1,0,1,0,-1,0,0,0,0,0,0,0.0,0.0,0.0,0.0,IFFLP
-1,1,-1,1,0,1,0,-1,1,0,0,0,0,0,0.0,0.0,0.0,0.0,IFFLP
-1,1,-1,1,0,1,0,0,-1,0,0,0,0,0,0.0,0.0,0.0,0.0,IFFLP
-1,1,-1,1,0,1,0,0,0,0,0,0,0,0,0.0,0.0,0.0,0.0,IFFLP
-1,1,-1,1,0,1,0,0,1,0,0,0,0,0,0.0,0.0,0.0,0.0,IFFLP
-1,1,-1,1,0,1,0,1,-1,0,0,0,0,0,0.0,0.0,0.0,0.0,IFFLP
-1,1,-1,1,0,1,0,1,0,0,0,0,0,0,0.0,0.0,0.0,0.0,IFFLP
-1,1,-1,1,0,1,0,1,1,0,0,0,0,0,0.0,0.0,0.0,0.0,IFFLP
-1,1,-1,1,0,1,1,-1,-1,0,0,0,0,0,0.0,0.0,0.0,0.0,IFFLP
-1,1,-1,1,0,1,1,-1,0,0,0,0,0,0,0.0,0.0,0.0,0.0,IFFLP
-1,1,-1,1,0,1,1,-1,1,0,0,0,0,0,0.0,0.0,0.0,0.0,IFFLP
-1,1,-1,1,0,1,1,0,-1,0,0,0,0,0,0.0,0.0,0.0,0.0,IFFLP
-1,1,-1,1,0,1,1,0,0,0,0,0,0,0,0.0,0.0,0.0,0.0,IFFLP
-1,1,-1,1,0,1,1,0,1,0,0,0,0,0,0.0,0.0,0.0,0.0,IFFLP
-1,1,-1,1,0,1,1,1,-1,0,0,0,0,0,0.0,0.0,0.0,0.0,IFFLP
-1,1,-1,1,0,1,1,1,0,0,0,0,0,0,0.0,0.0,0.0,0.0,IFFLP
-1,1,-1,1,0,1,1,1,1,0,0,0,0,0,0.0,0.0,0.0,0.0,IFFLP
-1,1,-1,1,1,1,-1,-1,-1,6,1,6,0,0,3.3950021765934473,4.205972222241164,5.551730699121434,15.881522545029718,Both
-1,1,-1,1,1,1,-1,-1,0,2,1,2,0,0,2.4620422726839966,28.614879603246635,2.662094188348843,53.38197455771538,Both
-1,1,-1,1,1,1,-1,-1,1,2,1,2,0,0,205.66175588736334,2.070682359822701,410.30941061187133,2.9687717270662626,Both
-1,1,-1,1,1,1,-1,0,-1,0,0,0,0,0,0.0,0.0,0.0,0.0,Both
-1,1,-1,1,1,1,-1,0,0,0,0,0,0,0,0.0,0.0,0.0,0.0,Both
-1,1,-1,1,1,1,-1,0,1,0,0,0,0,0,0.0,0.0,0.0,0.0,Both
-1,1,-1,1,1,1,-1,1,-1,0,0,0,0,0,0.0,0.0,0.0,0.0,Both
-1,1,-1,1,1,1,-1,1,0,0,0,0,0,0,0.0,0.0,0.0,0.0,Both
-1,1,-1,1,1,1,-1,1,1,0,0,0,0,0,0.0,0.0,0.0,0.0,Both
-1,1,-1,1,1,1,0,-1,-1,1,1,0,1,1,1.0049046641438732,1.4922685559025874,1.0049046641438732,1.4922685559025874,IFFLP
-1,1,-1,1,1,1,0,-1,0,1,1,1,0,0,1.0305086191165516,1.358209907966112,1.0305086191165516,1.358209907966112,IFFLP
-1,1,-1,1,1,1,0,-1,1,0,0,0,0,0,0.0,0.0,0.0,0.0,IFFLP
-1,1,-1,1,1,1,0,0,-1,0,0,0,0,0,0.0,0.0,0.0,0.0,IFFLP
-1,1,-1,1,1,1,0,0,0,0,0,0,0,0,0.0,0.0,0.0,0.0,IFFLP
-1,1,-1,1,1,1,0,0,1,0,0,0,0,0,0.0,0.0,0.0,0.0,IFFLP
-1,1,-1,1,1,1,0,1,-1,0,0,0,0,0,0.0,0.0,0.0,0.0,IFFLP
-1,1,-1,1,1,1,0,1,0,0,0,0,0,0,0.0,0.0,0.0,0.0,IFFLP
-1,1,-1,1,1,1,0,1,1,0,0,0,0,0,0.0,0.0,0.0,0.0,IFFLP
-1,1,-1,1,1,1,1,-1,-1,2,1,2,0,0,12.077676458941289,1.513794079091927,23.032536065670605,1.6179660826734712,IFFLP
-1,1,-1,1,1,1,1,-1,0,1,1,1,0,0,1.5133767574325008,2.0991275665689733,1.5133767574325008,2.0991275665689733,IFFLP
-1,1,-1,1,1,1,1,-1,1,1,1,1,0,0,3.1382875626288866,2.3502651425787033,3.1382875626288866,2.3502651425787033,IFFLP
-1,1,-1,1,1,1,1,0,-1,0,0,0,0,0,0.0,0.0,0.0,0.0,IFFLP
-1,1,-1,1,1,1,1,0,0,0,0,0,0,0,0.0,0.0,0.0,0.0,IFFLP
-1,1,-1,1,1,1,1,0,1,0,0,0,0,0,0.0,0.0,0.0,0.0,IFFLP
-1,1,-1,1,1,1,1,1,-1,0,0,0,0,0,0.0,0.0,0.0,0.0,IFFLP
-1,1,-1,1,1,1,1,1,0,0,0,0,0,0,0.0,0.0,0.0,0.0,IFFLP
-1,1,-1,1,1,1,1,1,1,0,0,0,0,0,0.0,0.0,0.0,0.0,IFFLP
-1,1,1,-1,-1,-1,-1,-1,-1,0,0,0,0,0,0.0,0.0,0.0,0.0,Both
-1,1,1,-1,-1,-1,-1,-1,0,1,1,1,0,0,8.67009581454637,0.990161203027764,8.67009581454637,0.990161203027764,Both
-1,1,1,-1,-1,-1,-1,-1,1,0,0,0,0,0,0.0,0.0,0.0,0.0,Both
-1,1,1,-1,-1,-1,-1,0,-1,2,1,2,0,0,4.631323671292497,0.9587456789561302,6.317481543883291,0.9732854243562966,Both
-1,1,1,-1,-1,-1,-1,0,0,0,0,0,0,0,0.0,0.0,0.0,0.0,Both
-1,1,1,-1,-1,-1,-1,0,1,0,0,0,0,0,0.0,0.0,0.0,0.0,Both
-1,1,1,-1,-1,-1,-1,1,-1,0,0,0,0,0,0.0,0.0,0.0,0.0,Both
-1,1,1,-1,-1,-1,-1,1,0,0,0,0,0,0,0.0,0.0,0.0,0.0,Both
-1,1,1,-1,-1,-1,-1,1,1,0,0,0,0,0,0.0,0.0,0.0,0.0,Both
-1,1,1,-1,-1,-1,0,-1,-1,2,1,2,0,0,8.635863275674797,0.9945417026122565,10.918255327499942,0.9992952705800607,Both
-1,1,1,-1,-1,-1,0,-1,0,0,0,0,0,0,0.0,0.0,0.0,0.0,Both
-1,1,1,-1,-1,-1,0,-1,1,0,0,0,0,0,0.0,0.0,0.0,0.0,Both
-1,1,1,-1,-1,-1,0,0,-1,0,0,0,0,0,0.0,0.0,0.0,0.0,IFFLP
-1,1,1,-1,-1,-1,0,0,0,0,0,0,0,0,0.0,0.0,0.0,0.0,IFFLP
-1,1,1,-1,-1,-1,0,0,1,1,1,1,0,0,9.18593866361119,0.9538808827075347,9.18593866361119,0.9538808827075347,IFFLP
-1,1,1,-1,-1,-1,0,1,-1,0,0,0,0,0,0.0,0.0,0.0,0.0,Both
-1,1,1,-1,-1,-1,0,1,0,0,0,0,0,0,0.0,0.0,0.0,0.0,Both
-1,1,1,-1,-1,-1,0,1,1,4,1,4,0,0,5.290391548960142,1.915360305346629,13.776839473479406,3.219159326375386,Both
-1,1,1,-1,-1,-1,1,-1,-1,2,1,2,0,0,1.2880937484859822,0.9798206153641269,1.3088714809944504,0.9880118213625207,Both
-1,1,1,-1,-1,-1,1,-1,0,1,1,1,0,0,1.909863454925135,1.7534042128877716,1.909863454925135,1.7534042128877716,Both
-1,1,1,-1,-1,-1,1,-1,1,1,1,1,0,0,1.1977876209905005,1.284395326389737,1.1977876209905005,1.284395326389737,Both
-1,1,1,-1,-1,-1,1,0,-1,1,1,1,0,0,1.0005532650343925,0.9034343336036932,1.0005532650343925,0.9034343336036932,IFFLP
-1,1,1,-1,-1,-1,1,0,0,1,1,1,0,0,43.9667286375508,0.9098366688341185,43.9667286375508,0.9098366688341185,IFFLP
-1,1,1,-1,-1,-1,1,0,1,2,1,2,0,0,41.15681391979587,0.9605841028710624,81.06909087522574,0.9621363539004459,IFFLP
-1,1,1,-1,-1,-1,1,1,-1,3,1,3,0,0,1.7789439353896597,0.9824853646982796,2.251902727474099,1.085608289812591,Both
-1,1,1,-1,-1,-1,1,1,0,2,1,2,0,0,59.16810207695382,1.5054808716498056,64.40314466892059,2.0540970174849864,Both
-1,1,1,-1,-1,-1,1,1,1,1,1,1,0,0,162.63376979512532,5.613491038681901,162.63376979512532,5.613491038681901,Both
-1,1,1,-1,0,-1,-1,-1,-1,0,0,0,0,0,0.0,0.0,0.0,0.0,Both
-1,1,1,-1,0,-1,-1,-1,0,0,0,0,0,0,0.0,0.0,0.0,0.0,Both
-1,1,1,-1,0,-1,-1,-1,1,1,1,1,0,0,1.6258154661379403,0.9750761888928713,1.6258154661379403,0.9750761888928713,Both
-1,1,1,-1,0,-1,-1,0,-1,3,1,3,0,0,2.959662676210653,0.9866678897548159,5.673586158428072,1.040925567247251,Both
-1,1,1,-1,0,-1,-1,0,0,4,1,4,0,0,1.235760644225759,1.0352894778905068,1.3611126462398653,1.1331885968732418,Both
-1,1,1,-1,0,-1,-1,0,1,2,1,2,0,0,4.886670206176352,1.107345046425721,8.696615625653914,1.199027621949836,Both
-1,1,1,-1,0,-1,-1,1,-1,2,1,2,0,0,1.967711681293004,1.0866857892065707,1.9828714452291258,1.2429872665577488,Both
-1,1,1,-1,0,-1,-1,1,0,3,1,3,0,0,3.3497293022817867,0.9668911778015395,6.418729290143668,1.0817631702485613,Both
-1,1,1,-1,0,-1,-1,1,1,4,1,4,0,0,26.523748998564788,1.4894137218598527,100.61043607474984,2.5306300232082637,Both
-1,1,1,-1,0,-1,0,-1,-1,3,1,3,0,0,1.4751680555667246,1.3249352097234584,1.8090303578963705,1.6642847802521792,Both
-1,1,1,-1,0,-1,0,-1,0,0,0,0,0,0,0.0,0.0,0.0,0.0,Both
-1,1,1,-1,0,-1,0,-1,1,0,0,0,0,0,0.0,0.0,0.0,0.0,Both
-1,1,1,-1,0,-1,0,0,-1,6,1,6,0,0,1.5187853299771783,1.0153489434198333,3.274872875786651,1.1081349256720427,IFFLP
-1,1,1,-1,0,-1,0,0,0,2,1,2,0,0,1.2446334141686137,0.9058208883377316,1.4581852623383982,0.9077265875131414,IFFLP
-1,1,1,-1,0,-1,0,0,1,4,1,4,0,0,3.2844128311903367,1.0067792682793544,9.373707644752054,1.139947728783053,IFFLP
-1,1,1,-1,0,-1,0,1,-1,3,1,3,0,0,3.705334610536177,0.9665266002515432,5.9751818457805586,1.073002522599051,Both
-1,1,1,-1,0,-1,0,1,0,1,1,1,0,0,9.101724828467233,0.9144438022269821,9.101724828467233,0.9144438022269821,Both
-1,1,1,-1,0,-1,0,1,1,2,1,2,0,0,2.447391703204434,1.187677402121595,3.35008179255108,1.4532044343856416,Both
-1,1,1,-1,0,-1,1,-1,-1,1,1,1,0,0,1.657089989762616,10.124594549838745,1.657089989762616,10.124594549838745,Both
-1,1,1,-1,0,-1,1,-1,0,1,1,1,0,0,1.446040256032945,2.262336375298622,1.446040256032945,2.262336375298622,Both
-1,1,1,-1,0,-1,1,-1,1,0,0,0,0,0,0.0,0.0,0.0,0.0,Both
-1,1,1,-1,0,-1,1,0,-1,5,1,5,0,0,5.511508608692216,1.3306690584764318,12.455175970762177,2.37914878674559,IFFLP
-1,1,1,-1,0,-1,1,0,0,8,1,8,0,0,14.23525745812547,1.076605846672992,79.59124632285149,1.2587707653745246,IFFLP
-1,1,1,-1,0,-1,1,0,1,6,1,6,0,0,8.21161330014907,0.9745955066738289,36.162559076775885,1.1957079493049585,IFFLP
-1,1,1,-1,0,-1,1,1,-1,4,1,4,0,0,4.289044879593118,1.155953154249111,12.724195001527205,1.5079813872216983,Both
-1,1,1,-1,0,-1,1,1,0,6,1,6,0,0,11.573263515276828,1.3920041209957328,63.18331702309865,3.0389133172299436,Both
-1,1,1,-1,0,-1,1,1,1,2,1,2,0,0,13.895347672132697,1.1748097594644715,26.241714113447095,1.4122697838783145,Both
-1,1,1,-1,1,-1,-1,-1,-1,0,0,0,0,0,0.0,0.0,0.0,0.0,Both
-1,1,1,-1,1,-1,-1,-1,0,0,0,0,0,0,0.0,0.0,0.0,0.0,Both
-1,1,1,-1,1,-1,-1,-1,1,0,0,0,0,0,0.0,0.0,0.0,0.0,Both
-1,1,1,-1,1,-1,-1,0,-1,0,0,0,0,0,0.0,0.0,0.0,0.0,Both
-1,1,1,-1,1,-1,-1,0,0,1,1,1,0,0,7.477713328047055,1.1653412264980567,7.477713328047055,1.1653412264980567,Both
-1,1,1,-1,1,-1,-1,0,1,0,0,0,0,0,0.0,0.0,0.0,0.0,Both
-1,1,1,-1,1,-1,-1,1,-1,2,1,2,0,0,1.8400955612027108,1.0075401832162623,2.598124260912961,1.1061946690460085,Both
-1,1,1,-1,1,-1,-1,1,0,2,1,2,0,0,1.7208281156917198,2.3558845706370173,1.808646163879185,3.7803924526523236,Both
-1,1,1,-1,1,-1,-1,1,1,0,0,0,0,0,0.0,0.0,0.0,0.0,Both
-1,1,1,-1,1,-1,0,-1,-1,0,0,0,0,0,0.0,0.0,0.0,0.0,Both
-1,1,1,-1,1,-1,0,-1,0,0,0,0,0,0,0.0,0.0,0.0,0.0,Both
-1,1,1,-1,1,-1,0,-1,1,0,0,0,0,0,0.0,0.0,0.0,0.0,Both
-1,1,1,-1,1,-1,0,0,-1,1,1,1,0,0,6.522302676303345,1.1498009070227855,6.522302676303345,1.1498009070227855,IFFLP
-1,1,1,-1,1,-1,0,0,0,0,0,0,0,0,0.0,0.0,0.0,0.0,IFFLP
-1,1,1,-1,1,-1,0,0,1,0,0,0,0,0,0.0,0.0,0.0,0.0,IFFLP
-1,1,1,-1,1,-1,0,1,-1,3,1,3,0,0,2.932879660580719,1.5785224385384238,5.417683573554085,2.6069798196833913,Both
-1,1,1,-1,1,-1,0,1,0,0,0,0,0,0,0.0,0.0,0.0,0.0,Both
-1,1,1,-1,1,-1,0,1,1,1,1,1,0,0,1.2320439912460692,16.956033697392407,1.2320439912460692,16.956033697392407,Both
-1,1,1,-1,1,-1,1,-1,-1,0,0,0,0,0,0.0,0.0,0.0,0.0,Both
-1,1,1,-1,1,-1,1,-1,0,0,0,0,0,0,0.0,0.0,0.0,0.0,Both
-1,1,1,-1,1,-1,1,-1,1,0,0,0,0,0,0.0,0.0,0.0,0.0,Both
-1,1,1,-1,1,-1,1,0,-1,1,1,1,0,0,2.958651255570795,0.9664371584838157,2.958651255570795,0.9664371584838157,IFFLP
-1,1,1,-1,1,-1,1,0,0,0,0,0,0,0,0.0,0.0,0.0,0.0,IFFLP
-1,1,1,-1,1,-1,1,0,1,2,1,2,0,0,1.4343293530228798,1.2355100185630365,1.7153365113733094,1.3928130813678188,IFFLP
-1,1,1,-1,1,-1,1,1,-1,4,1,4,0,0,2.326637140550372,164.6530599761656,5.0216468205660485,655.2131558777501,Both
-1,1,1,-1,1,-1,1,1,0,0,0,0,0,0,0.0,0.0,0.0,0.0,Both
-1,1,1,-1,1,-1,1,1,1,0,0,0,0,0,0.0,0.0,0.0,0.0,Both
-1,1,1,0,-1,-1,-1,-1,-1,1,1,1,0,0,8.025147503519177,0.9778951863228776,8.025147503519177,0.9778951863228776,Both
-1,1,1,0,-1,-1,-1,-1,0,0,0,0,0,0,0.0,0.0,0.0,0.0,Both
-1,1,1,0,-1,-1,-1,-1,1,0,0,0,0,0,0.0,0.0,0.0,0.0,Both
-1,1,1,0,-1,-1,-1,0,-1,0,0,0,0,0,0.0,0.0,0.0,0.0,Both
-1,1,1,0,-1,-1,-1,0,0,0,0,0,0,0,0.0,0.0,0.0,0.0,Both
-1,1,1,0,-1,-1,-1,0,1,0,0,0,0,0,0.0,0.0,0.0,0.0,Both
-1,1,1,0,-1,-1,-1,1,-1,0,0,0,0,0,0.0,0.0,0.0,0.0,Both
-1,1,1,0,-1,-1,-1,1,0,0,0,0,0,0,0.0,0.0,0.0,0.0,Both
-1,1,1,0,-1,-1,-1,1,1,0,0,0,0,0,0.0,0.0,0.0,0.0,Both
-1,1,1,0,-1,-1,0,-1,-1,0,0,0,0,0,0.0,0.0,0.0,0.0,Both
-1,1,1,0,-1,-1,0,-1,0,0,0,0,0,0,0.0,0.0,0.0,0.0,Both
-1,1,1,0,-1,-1,0,-1,1,0,0,0,0,0,0.0,0.0,0.0,0.0,Both
-1,1,1,0,-1,-1,0,0,-1,0,0,0,0,0,0.0,0.0,0.0,0.0,IFFLP
-1,1,1,0,-1,-1,0,0,0,0,0,0,0,0,0.0,0.0,0.0,0.0,IFFLP
-1,1,1,0,-1,-1,0,0,1,0,0,0,0,0,0.0,0.0,0.0,0.0,IFFLP
-1,1,1,0,-1,-1,0,1,-1,0,0,0,0,0,0.0,0.0,0.0,0.0,Both
-1,1,1,0,-1,-1,0,1,0,0,0,0,0,0,0.0,0.0,0.0,0.0,Both
-1,1,1,0,-1,-1,0,1,1,0,0,0,0,0,0.0,0.0,0.0,0.0,Both
-1,1,1,0,-1,-1,1,-1,-1,0,0,0,0,0,0.0,0.0,0.0,0.0,Both
-1,1,1,0,-1,-1,1,-1,0,0,0,0,0,0,0.0,0.0,0.0,0.0,Both
-1,1,1,0,-1,-1,1,-1,1,0,0,0,0,0,0.0,0.0,0.0,0.0,Both
-1,1,1,0,-1,-1,1,0,-1,0,0,0,0,0,0.0,0.0,0.0,0.0,IFFLP
-1,1,1,0,-1,-1,1,0,0,0,0,0,0,0,0.0,0.0,0.0,0.0,IFFLP
-1,1,1,0,-1,-1,1,0,1,0,0,0,0,0,0.0,0.0,0.0,0.0,IFFLP
-1,1,1,0,-1,-1,1,1,-1,0,0,0,0,0,0.0,0.0,0.0,0.0,Both
-1,1,1,0,-1,-1,1,1,0,0,0,0,0,0,0.0,0.0,0.0,0.0,Both
-1,1,1,0,-1,-1,1,1,1,0,0,0,0,0,0.0,0.0,0.0,0.0,Both
-1,1,1,0,0,-1,-1,-1,-1,0,0,0,0,0,0.0,0.0,0.0,0.0,Both
-1,1,1,0,0,-1,-1,-1,0,0,0,0,0,0,0.0,0.0,0.0,0.0,Both
-1,1,1,0,0,-1,-1,-1,1,0,0,0,0,0,0.0,0.0,0.0,0.0,Both
-1,1,1,0,0,-1,-1,0,-1,0,0,0,0,0,0.0,0.0,0.0,0.0,Both
-1,1,1,0,0,-1,-1,0,0,0,0,0,0,0,0.0,0.0,0.0,0.0,Both
-1,1,1,0,0,-1,-1,0,1,1,1,1,0,0,1.0017564428803718,1.0112875261194587,1.0017564428803718,1.0112875261194587,Both
-1,1,1,0,0,-1,-1,1,-1,0,0,0,0,0,0.0,0.0,0.0,0.0,Both
-1,1,1,0,0,-1,-1,1,0,0,0,0,0,0,0.0,0.0,0.0,0.0,Both
-1,1,1,0,0,-1,-1,1,1,0,0,0,0,0,0.0,0.0,0.0,0.0,Both
-1,1,1,0,0,-1,0,-1,-1,0,0,0,0,0,0.0,0.0,0.0,0.0,Both
-1,1,1,0,0,-1,0,-1,0,0,0,0,0,0,0.0,0.0,0.0,0.0,Both
-1,1,1,0,0,-1,0,-1,1,0,0,0,0,0,0.0,0.0,0.0,0.0,Both
-1,1,1,0,0,-1,0,0,-1,0,0,0,0,0,0.0,0.0,0.0,0.0,IFFLP
-1,1,1,0,0,-1,0,0,0,1,1,1,0,0,17.395284336831942,3.408563850863269,17.395284336831942,3.408563850863269,IFFLP
-1,1,1,0,0,-1,0,0,1,1,1,1,0,0,3.278620192954645,1.9922234890583415,3.278620192954645,1.9922234890583415,IFFLP
-1,1,1,0,0,-1,0,1,-1,0,0,0,0,0,0.0,0.0,0.0,0.0,Both
-1,1,1,0,0,-1,0,1,0,1,1,1,0,0,1.447264039220804,1.5660400498515572,1.447264039220804,1.5660400498515572,Both
-1,1,1,0,0,-1,0,1,1,1,1,1,0,0,2.006936682282951,0.9618439645664117,2.006936682282951,0.9618439645664117,Both
-1,1,1,0,0,-1,1,-1,-1,0,0,0,0,0,0.0,0.0,0.0,0.0,Both
-1,1,1,0,0,-1,1,-1,0,0,0,0,0,0,0.0,0.0,0.0,0.0,Both
-1,1,1,0,0,-1,1,-1,1,0,0,0,0,0,0.0,0.0,0.0,0.0,Both
-1,1,1,0,0,-1,1,0,-1,1,1,1,0,0,1.5548695700407011,0.9812925022806251,1.5548695700407011,0.9812925022806251,IFFLP
-1,1,1,0,0,-1,1,0,0,2,1,2,0,0,8.869294695906332,1.68074356631891,14.675584165070019,2.4464008608092036,IFFLP
-1,1,1,0,0,-1,1,0,1,1,1,1,0,0,10.018877655807135,1.0105563073166242,10.018877655807135,1.0105563073166242,IFFLP
-1,1,1,0,0,-1,1,1,-1,0,0,0,0,0,0.0,0.0,0.0,0.0,Both
-1,1,1,0,0,-1,1,1,0,3,1,3,0,0,9.884532591442637,7.736834411847792,24.626335607833187,20.19072576158018,Both
-1,1,1,0,0,-1,1,1,1,1,1,1,0,0,1.5740672076678766,1.2332289572233586,1.5740672076678766,1.2332289572233586,Both
-1,1,1,0,1,-1,-1,-1,-1,0,0,0,0,0,0.0,0.0,0.0,0.0,Both
-1,1,1,0,1,-1,-1,-1,0,0,0,0,0,0,0.0,0.0,0.0,0.0,Both
-1,1,1,0,1,-1,-1,-1,1,0,0,0,0,0,0.0,0.0,0.0,0.0,Both
-1,1,1,0,1,-1,-1,0,-1,0,0,0,0,0,0.0,0.0,0.0,0.0,Both
-1,1,1,0,1,-1,-1,0,0,0,0,0,0,0,0.0,0.0,0.0,0.0,Both
-1,1,1,0,1,-1,-1,0,1,0,0,0,0,0,0.0,0.0,0.0,0.0,Both
-1,1,1,0,1,-1,-1,1,-1,0,0,0,0,0,0.0,0.0,0.0,0.0,Both
-1,1,1,0,1,-1,-1,1,0,0,0,0,0,0,0.0,0.0,0.0,0.0,Both
-1,1,1,0,1,-1,-1,1,1,0,0,0,0,0,0.0,0.0,0.0,0.0,Both
-1,1,1,0,1,-1,0,-1,-1,0,0,0,0,0,0.0,0.0,0.0,0.0,Both
-1,1,1,0,1,-1,0,-1,0,0,0,0,0,0,0.0,0.0,0.0,0.0,Both
-1,1,1,0,1,-1,0,-1,1,0,0,0,0,0,0.0,0.0,0.0,0.0,Both
-1,1,1,0,1,-1,0,0,-1,0,0,0,0,0,0.0,0.0,0.0,0.0,IFFLP
-1,1,1,0,1,-1,0,0,0,0,0,0,0,0,0.0,0.0,0.0,0.0,IFFLP
-1,1,1,0,1,-1,0,0,1,0,0,0,0,0,0.0,0.0,0.0,0.0,IFFLP
-1,1,1,0,1,-1,0,1,-1,0,0,0,0,0,0.0,0.0,0.0,0.0,Both
-1,1,1,0,1,-1,0,1,0,0,0,0,0,0,0.0,0.0,0.0,0.0,Both
-1,1,1,0,1,-1,0,1,1,0,0,0,0,0,0.0,0.0,0.0,0.0,Both
-1,1,1,0,1,-1,1,-1,-1,0,0,0,0,0,0.0,0.0,0.0,0.0,Both
-1,1,1,0,1,-1,1,-1,0,0,0,0,0,0,0.0,0.0,0.0,0.0,Both
-1,1,1,0,1,-1,1,-1,1,0,0,0,0,0,0.0,0.0,0.0,0.0,Both
-1,1,1,0,1,-1,1,0,-1,0,0,0,0,0,0.0,0.0,0.0,0.0,IFFLP
-1,1,1,0,1,-1,1,0,0,1,1,1,0,0,34.880457972936696,1.0292360178925763,34.880457972936696,1.0292360178925763,IFFLP
-1,1,1,0,1,-1,1,0,1,0,0,0,0,0,0.0,0.0,0.0,0.0,IFFLP
-1,1,1,0,1,-1,1,1,-1,0,0,0,0,0,0.0,0.0,0.0,0.0,Both
-1,1,1,0,1,-1,1,1,0,0,0,0,0,0,0.0,0.0,0.0,0.0,Both
-1,1,1,0,1,-1,1,1,1,0,0,0,0,0,0.0,0.0,0.0,0.0,Both
-1,1,1,1,-1,-1,-1,-1,-1,0,0,0,0,0,0.0,0.0,0.0,0.0,Both
-1,1,1,1,-1,-1,-1,-1,0,0,0,0,0,0,0.0,0.0,0.0,0.0,Both
-1,1,1,1,-1,-1,-1,-1,1,0,0,0,0,0,0.0,0.0,0.0,0.0,Both
-1,1,1,1,-1,-1,-1,0,-1,0,0,0,0,0,0.0,0.0,0.0,0.0,Both
-1,1,1,1,-1,-1,-1,0,0,0,0,0,0,0,0.0,0.0,0.0,0.0,Both
-1,1,1,1,-1,-1,-1,0,1,0,0,0,0,0,0.0,0.0,0.0,0.0,Both
-1,1,1,1,-1,-1,-1,1,-1,1,1,1,0,0,2.0113619145033685,0.962389138574946,2.0113619145033685,0.962389138574946,Both
-1,1,1,1,-1,-1,-1,1,0,0,0,0,0,0,0.0,0.0,0.0,0.0,Both
-1,1,1,1,-1,-1,-1,1,1,0,0,0,0,0,0.0,0.0,0.0,0.0,Both
-1,1,1,1,-1,-1,0,-1,-1,0,0,0,0,0,0.0,0.0,0.0,0.0,Both
-1,1,1,1,-1,-1,0,-1,0,0,0,0,0,0,0.0,0.0,0.0,0.0,Both
-1,1,1,1,-1,-1,0,-1,1,0,0,0,0,0,0.0,0.0,0.0,0.0,Both
-1,1,1,1,-1,-1,0,0,-1,0,0,0,0,0,0.0,0.0,0.0,0.0,IFFLP
-1,1,1,1,-1,-1,0,0,0,0,0,0,0,0,0.0,0.0,0.0,0.0,IFFLP
-1,1,1,1,-1,-1,0,0,1,0,0,0,0,0,0.0,0.0,0.0,0.0,IFFLP
-1,1,1,1,-1,-1,0,1,-1,0,0,0,0,0,0.0,0.0,0.0,0.0,Both
-1,1,1,1,-1,-1,0,1,0,0,0,0,0,0,0.0,0.0,0.0,0.0,Both
-1,1,1,1,-1,-1,0,1,1,0,0,0,0,0,0.0,0.0,0.0,0.0,Both
-1,1,1,1,-1,-1,1,-1,-1,1,1,1,0,0,2.439830298188389,0.9863945718829195,2.439830298188389,0.9863945718829195,Both
-1,1,1,1,-1,-1,1,-1,0,0,0,0,0,0,0.0,0.0,0.0,0.0,Both
-1,1,1,1,-1,-1,1,-1,1,0,0,0,0,0,0.0,0.0,0.0,0.0,Both
-1,1,1,1,-1,-1,1,0,-1,0,0,0,0,0,0.0,0.0,0.0,0.0,IFFLP
-1,1,1,1,-1,-1,1,0,0,0,0,0,0,0,0.0,0.0,0.0,0.0,IFFLP
-1,1,1,1,-1,-1,1,0,1,0,0,0,0,0,0.0,0.0,0.0,0.0,IFFLP
-1,1,1,1,-1,-1,1,1,-1,0,0,0,0,0,0.0,0.0,0.0,0.0,Both
-1,1,1,1,-1,-1,1,1,0,0,0,0,0,0,0.0,0.0,0.0,0.0,Both
-1,1,1,1,-1,-1,1,1,1,0,0,0,0,0,0.0,0.0,0.0,0.0,Both
-1,1,1,1,0,-1,-1,-1,-1,0,0,0,0,0,0.0,0.0,0.0,0.0,Both
-1,1,1,1,0,-1,-1,-1,0,0,0,0,0,0,0.0,0.0,0.0,0.0,Both
-1,1,1,1,0,-1,-1,-1,1,0,0,0,0,0,0.0,0.0,0.0,0.0,Both
-1,1,1,1,0,-1,-1,0,-1,0,0,0,0,0,0.0,0.0,0.0,0.0,Both
-1,1,1,1,0,-1,-1,0,0,1,1,1,0,0,1.5139451375734088,0.9778608814695661,1.5139451375734088,0.9778608814695661,Both
-1,1,1,1,0,-1,-1,0,1,0,0,0,0,0,0.0,0.0,0.0,0.0,Both
-1,1,1,1,0,-1,-1,1,-1,0,0,0,0,0,0.0,0.0,0.0,0.0,Both
-1,1,1,1,0,-1,-1,1,0,0,0,0,0,0,0.0,0.0,0.0,0.0,Both
-1,1,1,1,0,-1,-1,1,1,0,0,0,0,0,0.0,0.0,0.0,0.0,Both
-1,1,1,1,0,-1,0,-1,-1,0,0,0,0,0,0.0,0.0,0.0,0.0,Both
-1,1,1,1,0,-1,0,-1,0,0,0,0,0,0,0.0,0.0,0.0,0.0,Both
-1,1,1,1,0,-1,0,-1,1,0,0,0,0,0,0.0,0.0,0.0,0.0,Both
-1,1,1,1,0,-1,0,0,-1,1,1,1,0,0,1.5072042063164448,0.9773419013038892,1.5072042063164448,0.9773419013038892,IFFLP
-1,1,1,1,0,-1,0,0,0,1,1,1,0,0,2.834583099476271,0.9095990466007574,2.834583099476271,0.9095990466007574,IFFLP
-1,1,1,1,0,-1,0,0,1,0,0,0,0,0,0.0,0.0,0.0,0.0,IFFLP
-1,1,1,1,0,-1,0,1,-1,0,0,0,0,0,0.0,0.0,0.0,0.0,Both
-1,1,1,1,0,-1,0,1,0,0,0,0,0,0,0.0,0.0,0.0,0.0,Both
-1,1,1,1,0,-1,0,1,1,0,0,0,0,0,0.0,0.0,0.0,0.0,Both
-1,1,1,1,0,-1,1,-1,-1,0,0,0,0,0,0.0,0.0,0.0,0.0,Both
-1,1,1,1,0,-1,1,-1,0,0,0,0,0,0,0.0,0.0,0.0,0.0,Both
-1,1,1,1,0,-1,1,-1,1,0,0,0,0,0,0.0,0.0,0.0,0.0,Both
-1,1,1,1,0,-1,1,0,-1,0,0,0,0,0,0.0,0.0,0.0,0.0,IFFLP
-1,1,1,1,0,-1,1,0,0,0,0,0,0,0,0.0,0.0,0.0,0.0,IFFLP
-1,1,1,1,0,-1,1,0,1,0,0,0,0,0,0.0,0.0,0.0,0.0,IFFLP
-1,1,1,1,0,-1,1,1,-1,0,0,0,0,0,0.0,0.0,0.0,0.0,Both
-1,1,1,1,0,-1,1,1,0,0,0,0,0,0,0.0,0.0,0.0,0.0,Both
-1,1,1,1,0,-1,1,1,1,1,1,1,0,0,11.770171190384332,0.9996436901192518,11.770171190384332,0.9996436901192518,Both
-1,1,1,1,1,-1,-1,-1,-1,0,0,0,0,0,0.0,0.0,0.0,0.0,Both
-1,1,1,1,1,-1,-1,-1,0,0,0,0,0,0,0.0,0.0,0.0,0.0,Both
-1,1,1,1,1,-1,-1,-1,1,0,0,0,0,0,0.0,0.0,0.0,0.0,Both
-1,1,1,1,1,-1,-1,0,-1,0,0,0,0,0,0.0,0.0,0.0,0.0,Both
-1,1,1,1,1,-1,-1,0,0,0,0,0,0,0,0.0,0.0,0.0,0.0,Both
-1,1,1,1,1,-1,-1,0,1,0,0,0,0,0,0.0,0.0,0.0,0.0,Both
-1,1,1,1,1,-1,-1,1,-1,0,0,0,0,0,0.0,0.0,0.0,0.0,Both
-1,1,1,1,1,-1,-1,1,0,0,0,0,0,0,0.0,0.0,0.0,0.0,Both
-1,1,1,1,1,-1,-1,1,1,0,0,0,0,0,0.0,0.0,0.0,0.0,Both
-1,1,1,1,1,-1,0,-1,-1,0,0,0,0,0,0.0,0.0,0.0,0.0,Both
-1,1,1,1,1,-1,0,-1,0,0,0,0,0,0,0.0,0.0,0.0,0.0,Both
-1,1,1,1,1,-1,0,-1,1,0,0,0,0,0,0.0,0.0,0.0,0.0,Both
-1,1,1,1,1,-1,0,0,-1,0,0,0,0,0,0.0,0.0,0.0,0.0,IFFLP
-1,1,1,1,1,-1,0,0,0,1,1,1,0,0,3.6835874971798037,1.0326409794353149,3.6835874971798037,1.0326409794353149,IFFLP
-1,1,1,1,1,-1,0,0,1,0,0,0,0,0,0.0,0.0,0.0,0.0,IFFLP
-1,1,1,1,1,-1,0,1,-1,0,0,0,0,0,0.0,0.0,0.0,0.0,Both
-1,1,1,1,1,-1,0,1,0,0,0,0,0,0,0.0,0.0,0.0,0.0,Both
-1,1,1,1,1,-1,0,1,1,0,0,0,0,0,0.0,0.0,0.0,0.0,Both
-1,1,1,1,1,-1,1,-1,-1,0,0,0,0,0,0.0,0.0,0.0,0.0,Both
-1,1,1,1,1,-1,1,-1,0,0,0,0,0,0,0.0,0.0,0.0,0.0,Both
-1,1,1,1,1,-1,1,-1,1,0,0,0,0,0,0.0,0.0,0.0,0.0,Both
-1,1,1,1,1,-1,1,0,-1,0,0,0,0,0,0.0,0.0,0.0,0.0,IFFLP
-1,1,1,1,1,-1,1,0,0,0,0,0,0,0,0.0,0.0,0.0,0.0,IFFLP
-1,1,1,1,1,-1,1,0,1,1,1,1,0,0,1.1100695557092506,0.9195111879037939,1.1100695557092506,0.9195111879037939,IFFLP
-1,1,1,1,1,-1,1,1,-1,0,0,0,0,0,0.0,0.0,0.0,0.0,Both
-1,1,1,1,1,-1,1,1,0,0,0,0,0,0,0.0,0.0,0.0,0.0,Both
-1,1,1,1,1,-1,1,1,1,0,0,0,0,0,0.0,0.0,0.0,0.0,Both
0,1,-1,-1,-1,1,-1,-1,-1,1,1,1,0,0,1.3042181547215201,1.4012988846798047,1.3042181547215201,1.4012988846798047,Both
0,1,-1,-1,-1,1,-1,-1,0,1,1,1,0,0,1.5112618677429956,1.1360159921221615,1.5112618677429956,1.1360159921221615,Both
0,1,-1,-1,-1,1,-1,-1,1,0,0,0,0,0,0.0,0.0,0.0,0.0,Both
0,1,-1,-1,-1,1,-1,0,-1,0,0,0,0,0,0.0,0.0,0.0,0.0,Both
0,1,-1,-1,-1,1,-1,0,0,1,1,1,0,0,4.0631203832599905,1.848590825617274,4.0631203832599905,1.848590825617274,Both
0,1,-1,-1,-1,1,-1,0,1,0,0,0,0,0,0.0,0.0,0.0,0.0,Both
0,1,-1,-1,-1,1,-1,1,-1,0,0,0,0,0,0.0,0.0,0.0,0.0,Both
0,1,-1,-1,-1,1,-1,1,0,0,0,0,0,0,0.0,0.0,0.0,0.0,Both
0,1,-1,-1,-1,1,-1,1,1,0,0,0,0,0,0.0,0.0,0.0,0.0,Both
0,1,-1,-1,-1,1,0,-1,-1,1,1,1,0,0,1.0840082457369735,0.9762736666865931,1.0840082457369735,0.9762736666865931,IFFLP
0,1,-1,-1,-1,1,0,-1,0,1,1,1,0,0,3.82959641908737,1.8116448172784358,3.82959641908737,1.8116448172784358,IFFLP
0,1,-1,-1,-1,1,0,-1,1,0,0,0,0,0,0.0,0.0,0.0,0.0,IFFLP
0,1,-1,-1,-1,1,0,0,-1,1,1,1,0,0,3.1554810319017568,1.8417955689758585,3.1554810319017568,1.8417955689758585,IFFLP
0,1,-1,-1,-1,1,0,0,0,1,1,1,0,0,1.3397999276274617,1.1043392775050633,1.3397999276274617,1.1043392775050633,IFFLP
0,1,-1,-1,-1,1,0,0,1,0,0,0,0,0,0.0,0.0,0.0,0.0,IFFLP
0,1,-1,-1,-1,1,0,1,-1,0,0,0,0,0,0.0,0.0,0.0,0.0,IFFLP
0,1,-1,-1,-1,1,0,1,0,0,0,0,0,0,0.0,0.0,0.0,0.0,IFFLP
0,1,-1,-1,-1,1,0,1,1,0,0,0,0,0,0.0,0.0,0.0,0.0,IFFLP
0,1,-1,-1,-1,1,1,-1,-1,0,0,0,0,0,0.0,0.0,0.0,0.0,IFFLP
0,1,-1,-1,-1,1,1,-1,0,0,0,0,0,0,0.0,0.0,0.0,0.0,IFFLP
0,1,-1,-1,-1,1,1,-1,1,0,0,0,0,0,0.0,0.0,0.0,0.0,IFFLP
0,1,-1,-1,-1,1,1,0,-1,0,0,0,0,0,0.0,0.0,0.0,0.0,IFFLP
0,1,-1,-1,-1,1,1,0,0,1,1,1,0,0,2.3832487757641543,1.4005624264723455,2.3832487757641543,1.4005624264723455,IFFLP
0,1,-1,-1,-1,1,1,0,1,0,0,0,0,0,0.0,0.0,0.0,0.0,IFFLP
0,1,-1,-1,-1,1,1,1,-1,1,1,1,0,0,1.7418651171931046,1.1897442877730853,1.7418651171931046,1.1897442877730853,IFFLP
0,1,-1,-1,-1,1,1,1,0,0,0,0,0,0,0.0,0.0,0.0,0.0,IFFLP
0,1,-1,-1,-1,1,1,1,1,1,1,1,0,0,294.2031721690394,2.7847076902396575,294.2031721690394,2.7847076902396575,IFFLP
0,1,-1,-1,0,1,-1,-1,-1,6,1,6,0,0,3.7239451972402926,36.91082302463855,14.366888079981637,202.13834106311828,Both
0,1,-1,-1,0,1,-1,-1,0,1,1,1,0,0,1.4421227684412021,0.9439054896350284,1.4421227684412021,0.9439054896350284,Both
0,1,-1,-1,0,1,-1,-1,1,2,1,2,0,0,1.7490703824253055,1.6280755646855356,2.136525987246501,2.3177508785032,Both
0,1,-1,-1,0,1,-1,0,-1,1,1,1,0,0,1.0485916690221484,0.9829046950454122,1.0485916690221484,0.9829046950454122,Both
0,1,-1,-1,0,1,-1,0,0,0,0,0,0,0,0.0,0.0,0.0,0.0,Both
0,1,-1,-1,0,1,-1,0,1,1,1,1,0,0,172.05797738432412,1.1965676862793873,172.05797738432412,1.1965676862793873,Both
0,1,-1,-1,0,1,-1,1,-1,0,0,0,0,0,0.0,0.0,0.0,0.0,Both
0,1,-1,-1,0,1,-1,1,0,0,0,0,0,0,0.0,0.0,0.0,0.0,Both
0,1,-1,-1,0,1,-1,1,1,0,0,0,0,0,0.0,0.0,0.0,0.0,Both
0,1,-1,-1,0,1,0,-1,-1,0,0,0,0,0,0.0,0.0,0.0,0.0,IFFLP
0,1,-1,-1,0,1,0,-1,0,3,1,3,0,0,1.9256618954862015,0.9957718348166816,2.45424842638951,1.055855159481083,IFFLP
0,1,-1,-1,0,1,0,-1,1,3,1,3,0,0,4.721553579358589,22.588918270934926,8.421201548157565,57.1293164430914,IFFLP
0,1,-1,-1,0,1,0,0,-1,1,1,1,0,0,1.3566004878055236,0.9414591556499624,1.3566004878055236,0.9414591556499624,IFFLP
0,1,-1,-1,0,1,0,0,0,0,0,0,0,0,0.0,0.0,0.0,0.0,IFFLP
0,1,-1,-1,0,1,0,0,1,0,0,0,0,0,0.0,0.0,0.0,0.0,IFFLP
0,1,-1,-1,0,1,0,1,-1,0,0,0,0,0,0.0,0.0,0.0,0.0,IFFLP
0,1,-1,-1,0,1,0,1,0,0,0,0,0,0,0.0,0.0,0.0,0.0,IFFLP
0,1,-1,-1,0,1,0,1,1,0,0,0,0,0,0.0,0.0,0.0,0.0,IFFLP
0,1,-1,-1,0,1,1,-1,-1,2,1,2,0,0,2.1553231451022135,1.121313449468229,2.896910257955938,1.3143259905020555,IFFLP
0,1,-1,-1,0,1,1,-1,0,3,1,3,0,0,1.9475006251815252,0.9911132508979262,2.780844179475211,1.0208738919989147,IFFLP
0,1,-1,-1,0,1,1,-1,1,2,1,2,0,0,1.7585755405321843,0.9612283866009496,2.1839156995075175,1.0004075444901968,IFFLP
0,1,-1,-1,0,1,1,0,-1,1,1,1,0,0,104.6094525064619,0.9575854386484207,104.6094525064619,0.9575854386484207,IFFLP
0,1,-1,-1,0,1,1,0,0,0,0,0,0,0,0.0,0.0,0.0,0.0,IFFLP
0,1,-1,-1,0,1,1,0,1,0,0,0,0,0,0.0,0.0,0.0,0.0,IFFLP
0,1,-1,-1,0,1,1,1,-1,0,0,0,0,0,0.0,0.0,0.0,0.0,IFFLP
0,1,-1,-1,0,1,1,1,0,0,0,0,0,0,0.0,0.0,0.0,0.0,IFFLP
0,1,-1,-1,0,1,1,1,1,1,1,1,0,0,4.0503021701462325,1.0316777522671061,4.0503021701462325,1.0316777522671061,IFFLP
0,1,-1,-1,1,1,-1,-1,-1,4,1,4,0,0,2.932934543235769,4.483345159482553,4.118310188293195,12.46591568277051,Both
0,1,-1,-1,1,1,-1,-1,0,2,1,2,0,0,3.2638360246736764,1.1688155187793003,4.8376196875489095,1.3836463619180084,Both
0,1,-1,-1,1,1,-1,-1,1,6,1,6,0,0,2.2979506515610812,1.371599809580183,4.937724757514863,3.0718288258121618,Both
0,1,-1,-1,1,1,-1,0,-1,0,0,0,0,0,0.0,0.0,0.0,0.0,Both
0,1,-1,-1,1,1,-1,0,0,0,0,0,0,0,0.0,0.0,0.0,0.0,Both
0,1,-1,-1,1,1,-1,0,1,0,0,0,0,0,0.0,0.0,0.0,0.0,Both
0,1,-1,-1,1,1,-1,1,-1,0,0,0,0,0,0.0,0.0,0.0,0.0,Both
0,1,-1,-1,1,1,-1,1,0,0,0,0,0,0,0.0,0.0,0.0,0.0,Both
0,1,-1,-1,1,1,-1,1,1,0,0,0,0,0,0.0,0.0,0.0,0.0,Both
0,1,-1,-1,1,1,0,-1,-1,2,1,2,0,0,58.444977117685504,323.86015993117803,114.97634746809076,640.4134458338004,IFFLP
0,1,-1,-1,1,1,0,-1,0,4,1,4,0,0,1.8148617278140273,5.158389769328208,3.5175451684527412,14.266751745178823,IFFLP
0,1,-1,-1,1,1,0,-1,1,2,1,2,0,0,2.4378620954185566,7.938206888207359,3.6813663813809856,12.592210831630748,IFFLP
0,1,-1,-1,1,1,0,0,-1,0,0,0,0,0,0.0,0.0,0.0,0.0,IFFLP
0,1,-1,-1,1,1,0,0,0,0,0,0,0,0,0.0,0.0,0.0,0.0,IFFLP
0,1,-1,-1,1,1,0,0,1,0,0,0,0,0,0.0,0.0,0.0,0.0,IFFLP
0,1,-1,-1,1,1,0,1,-1,0,0,0,0,0,0.0,0.0,0.0,0.0,IFFLP
0,1,-1,-1,1,1,0,1,0,0,0,0,0,0,0.0,0.0,0.0,0.0,IFFLP
0,1,-1,-1,1,1,0,1,1,0,0,0,0,0,0.0,0.0,0.0,0.0,IFFLP
0,1,-1,-1,1,1,1,-1,-1,2,1,2,0,0,5.405124151585538,1.6196795330380658,9.079593684168819,2.230357332459869,IFFLP
0,1,-1,-1,1,1,1,-1,0,3,1,3,0,0,1.0703623953168804,1.0683038811038452,1.1756179691687838,1.3579666888411828,IFFLP
0,1,-1,-1,1,1,1,-1,1,6,1,6,0,0,17.46629577432943,552.3817071760906,84.73408170703695,3243.6757319296967,IFFLP
0,1,-1,-1,1,1,1,0,-1,0,0,0,0,0,0.0,0.0,0.0,0.0,IFFLP
0,1,-1,-1,1,1,1,0,0,0,0,0,0,0,0.0,0.0,0.0,0.0,IFFLP
0,1,-1,-1,1,1,1,0,1,1,1,1,0,0,8.532499352895709,1.2831975502072914,8.532499352895709,1.2831975502072914,IFFLP
0,1,-1,-1,1,1,1,1,-1,0,0,0,0,0,0.0,0.0,0.0,0.0,IFFLP
0,1,-1,-1,1,1,1,1,0,0,0,0,0,0,0.0,0.0,0.0,0.0,IFFLP
0,1,-1,-1,1,1,1,1,1,0,0,0,0,0,0.0,0.0,0.0,0.0,IFFLP
0,1,-1,0,-1,1,-1,-1,-1,0,0,0,0,0,0.0,0.0,0.0,0.0,Both
0,1,-1,0,-1,1,-1,-1,0,0,0,0,0,0,0.0,0.0,0.0,0.0,Both
0,1,-1,0,-1,1,-1,-1,1,0,0,0,0,0,0.0,0.0,0.0,0.0,Both
0,1,-1,0,-1,1,-1,0,-1,3,1,3,0,0,1.8196533149899456,1.4745728821662107,2.3033317708503245,2.420587123387473,Both
0,1,-1,0,-1,1,-1,0,0,0,0,0,0,0,0.0,0.0,0.0,0.0,Both
0,1,-1,0,-1,1,-1,0,1,0,0,0,0,0,0.0,0.0,0.0,0.0,Both
0,1,-1,0,-1,1,-1,1,-1,0,0,0,0,0,0.0,0.0,0.0,0.0,Both
0,1,-1,0,-1,1,-1,1,0,0,0,0,0,0,0.0,0.0,0.0,0.0,Both
0,1,-1,0,-1,1,-1,1,1,0,0,0,0,0,0.0,0.0,0.0,0.0,Both
0,1,-1,0,-1,1,0,-1,-1,0,0,0,0,0,0.0,0.0,0.0,0.0,IFFLP
0,1,-1,0,-1,1,0,-1,0,0,0,0,0,0,0.0,0.0,0.0,0.0,IFFLP
0,1,-1,0,-1,1,0,-1,1,0,0,0,0,0,0.0,0.0,0.0,0.0,IFFLP
0,1,-1,0,-1,1,0,0,-1,0,0,0,0,0,0.0,0.0,0.0,0.0,IFFLP
0,1,-1,0,-1,1,0,0,0,0,0,0,0,0,0.0,0.0,0.0,0.0,IFFLP
0,1,-1,0,-1,1,0,0,1,0,0,0,0,0,0.0,0.0,0.0,0.0,IFFLP
0,1,-1,0,-1,1,0,1,-1,0,0,0,0,0,0.0,0.0,0.0,0.0,IFFLP
0,1,-1,0,-1,1,0,1,0,0,0,0,0,0,0.0,0.0,0.0,0.0,IFFLP
0,1,-1,0,-1,1,0,1,1,0,0,0,0,0,0.0,0.0,0.0,0.0,IFFLP
0,1,-1,0,-1,1,1,-1,-1,0,0,0,0,0,0.0,0.0,0.0,0.0,IFFLP
0,1,-1,0,-1,1,1,-1,0,0,0,0,0,0,0.0,0.0,0.0,0.0,IFFLP
0,1,-1,0,-1,1,1,-1,1,1,1,1,0,0,1.0759501583245243,7.052162493726745,1.0759501583245243,7.052162493726745,IFFLP
0,1,-1,0,-1,1,1,0,-1,0,0,0,0,0,0.0,0.0,0.0,0.0,IFFLP
0,1,-1,0,-1,1,1,0,0,0,0,0,0,0,0.0,0.0,0.0,0.0,IFFLP
0,1,-1,0,-1,1,1,0,1,0,0,0,0,0,0.0,0.0,0.0,0.0,IFFLP
0,1,-1,0,-1,1,1,1,-1,0,0,0,0,0,0.0,0.0,0.0,0.0,IFFLP
0,1,-1,0,-1,1,1,1,0,0,0,0,0,0,0.0,0.0,0.0,0.0,IFFLP
0,1,-1,0,-1,1,1,1,1,1,1,1,0,0,1.8678462440407677,11.919682150191262,1.8678462440407677,11.919682150191262,IFFLP
0,1,-1,0,0,1,-1,-1,-1,2,1,1,1,0,5.849229967448455,1.0384465620963577,10.139677582953654,1.1595625060939778,Both
0,1,-1,0,0,1,-1,-1,0,1,1,1,0,0,1.8009369874799035,20.14115481061098,1.8009369874799035,20.14115481061098,Both
0,1,-1,0,0,1,-1,-1,1,0,0,0,0,0,0.0,0.0,0.0,0.0,Both
0,1,-1,0,0,1,-1,0,-1,0,0,0,0,0,0.0,0.0,0.0,0.0,Both
0,1,-1,0,0,1,-1,0,0,1,1,1,0,0,1.0237016194912758,2.463714031919435,1.0237016194912758,2.463714031919435,Both
0,1,-1,0,0,1,-1,0,1,0,0,0,0,0,0.0,0.0,0.0,0.0,Both
0,1,-1,0,0,1,-1,1,-1,0,0,0,0,0,0.0,0.0,0.0,0.0,Both
0,1,-1,0,0,1,-1,1,0,0,0,0,0,0,0.0,0.0,0.0,0.0,Both
0,1,-1,0,0,1,-1,1,1,0,0,0,0,0,0.0,0.0,0.0,0.0,Both
0,1,-1,0,0,1,0,-1,-1,0,0,0,0,0,0.0,0.0,0.0,0.0,IFFLP
0,1,-1,0,0,1,0,-1,0,0,0,0,0,0,0.0,0.0,0.0,0.0,IFFLP
0,1,-1,0,0,1,0,-1,1,0,0,0,0,0,0.0,0.0,0.0,0.0,IFFLP
0,1,-1,0,0,1,0,0,-1,0,0,0,0,0,0.0,0.0,0.0,0.0,IFFLP
0,1,-1,0,0,1,0,0,0,0,0,0,0,0,0.0,0.0,0.0,0.0,IFFLP
0,1,-1,0,0,1,0,0,1,0,0,0,0,0,0.0,0.0,0.0,0.0,IFFLP
0,1,-1,0,0,1,0,1,-1,0,0,0,0,0,0.0,0.0,0.0,0.0,IFFLP
0,1,-1,0,0,1,0,1,0,0,0,0,0,0,0.0,0.0,0.0,0.0,IFFLP
0,1,-1,0,0,1,0,1,1,0,0,0,0,0,0.0,0.0,0.0,0.0,IFFLP
0,1,-1,0,0,1,1,-1,-1,0,0,0,0,0,0.0,0.0,0.0,0.0,IFFLP
0,1,-1,0,0,1,1,-1,0,0,0,0,0,0,0.0,0.0,0.0,0.0,IFFLP
0,1,-1,0,0,1,1,-1,1,0,0,0,0,0,0.0,0.0,0.0,0.0,IFFLP
0,1,-1,0,0,1,1,0,-1,0,0,0,0,0,0.0,0.0,0.0,0.0,IFFLP
0,1,-1,0,0,1,1,0,0,0,0,0,0,0,0.0,0.0,0.0,0.0,IFFLP
0,1,-1,0,0,1,1,0,1,0,0,0,0,0,0.0,0.0,0.0,0.0,IFFLP
0,1,-1,0,0,1,1,1,-1,0,0,0,0,0,0.0,0.0,0.0,0.0,IFFLP
0,1,-1,0,0,1,1,1,0,0,0,0,0,0,0.0,0.0,0.0,0.0,IFFLP
0,1,-1,0,0,1,1,1,1,0,0,0,0,0,0.0,0.0,0.0,0.0,IFFLP
0,1,-1,0,1,1,-1,-1,-1,4,1,4,0,0,4.561990151361362,2.2259906699594487,8.227144261508057,3.307328475316093,Both
0,1,-1,0,1,1,-1,-1,0,6,1,5,1,0,52.727663396711414,3.5281394634060237,235.04089870007203,15.845151478616504,Both
0,1,-1,0,1,1,-1,-1,1,0,0,0,0,0,0.0,0.0,0.0,0.0,Both
0,1,-1,0,1,1,-1,0,-1,0,0,0,0,0,0.0,0.0,0.0,0.0,Both
0,1,-1,0,1,1,-1,0,0,0,0,0,0,0,0.0,0.0,0.0,0.0,Both
0,1,-1,0,1,1,-1,0,1,0,0,0,0,0,0.0,0.0,0.0,0.0,Both
0,1,-1,0,1,1,-1,1,-1,0,0,0,0,0,0.0,0.0,0.0,0.0,Both
0,1,-1,0,1,1,-1,1,0,0,0,0,0,0,0.0,0.0,0.0,0.0,Both
0,1,-1,0,1,1,-1,1,1,0,0,0,0,0,0.0,0.0,0.0,0.0,Both
0,1,-1,0,1,1,0,-1,-1,1,1,1,0,0,3.0850628335578216,1.2519921545617314,3.0850628335578216,1.2519921545617314,IFFLP
0,1,-1,0,1,1,0,-1,0,2,1,2,0,0,3.5506875159358966,5.272293695398007,6.0658882871556425,7.709885245896497,IFFLP
0,1,-1,0,1,1,0,-1,1,0,0,0,0,0,0.0,0.0,0.0,0.0,IFFLP
0,1,-1,0,1,1,0,0,-1,0,0,0,0,0,0.0,0.0,0.0,0.0,IFFLP
0,1,-1,0,1,1,0,0,0,0,0,0,0,0,0.0,0.0,0.0,0.0,IFFLP
0,1,-1,0,1,1,0,0,1,0,0,0,0,0,0.0,0.0,0.0,0.0,IFFLP
0,1,-1,0,1,1,0,1,-1,0,0,0,0,0,0.0,0.0,0.0,0.0,IFFLP
0,1,-1,0,1,1,0,1,0,0,0,0,0,0,0.0,0.0,0.0,0.0,IFFLP
0,1,-1,0,1,1,0,1,1,0,0,0,0,0,0.0,0.0,0.0,0.0,IFFLP
0,1,-1,0,1,1,1,-1,-1,0,0,0,0,0,0.0,0.0,0.0,0.0,IFFLP
0,1,-1,0,1,1,1,-1,0,1,1,1,0,0,1.1639594091084609,1.1348214229958224,1.1639594091084609,1.1348214229958224,IFFLP
0,1,-1,0,1,1,1,-1,1,1,1,1,0,0,1.1342210742277095,4.279312713019878,1.1342210742277095,4.279312713019878,IFFLP
0,1,-1,0,1,1,1,0,-1,0,0,0,0,0,0.0,0.0,0.0,0.0,IFFLP
0,1,-1,0,1,1,1,0,0,0,0,0,0,0,0.0,0.0,0.0,0.0,IFFLP
0,1,-1,0,1,1,1,0,1,0,0,0,0,0,0.0,0.0,0.0,0.0,IFFLP
0,1,-1,0,1,1,1,1,-1,0,0,0,0,0,0.0,0.0,0.0,0.0,IFFLP
0,1,-1,0,1,1,1,1,0,0,0,0,0,0,0.0,0.0,0.0,0.0,IFFLP
0,1,-1,0,1,1,1,1,1,0,0,0,0,0,0.0,0.0,0.0,0.0,IFFLP
0,1,-1,1,-1,1,-1,-1,-1,0,0,0,0,0,0.0,0.0,0.0,0.0,Both
0,1,-1,1,-1,1,-1,-1,0,1,1,1,0,0,1.8844274484249783,2.178075719524044,1.8844274484249783,2.178075719524044,Both
0,1,-1,1,-1,1,-1,-1,1,0,0,0,0,0,0.0,0.0,0.0,0.0,Both
0,1,-1,1,-1,1,-1,0,-1,0,0,0,0,0,0.0,0.0,0.0,0.0,Both
0,1,-1,1,-1,1,-1,0,0,0,0,0,0,0,0.0,0.0,0.0,0.0,Both
0,1,-1,1,-1,1,-1,0,1,0,0,0,0,0,0.0,0.0,0.0,0.0,Both
0,1,-1,1,-1,1,-1,1,-1,0,0,0,0,0,0.0,0.0,0.0,0.0,Both
0,1,-1,1,-1,1,-1,1,0,0,0,0,0,0,0.0,0.0,0.0,0.0,Both
0,1,-1,1,-1,1,-1,1,1,0,0,0,0,0,0.0,0.0,0.0,0.0,Both
0,1,-1,1,-1,1,0,-1,-1,0,0,0,0,0,0.0,0.0,0.0,0.0,IFFLP
0,1,-1,1,-1,1,0,-1,0,0,0,0,0,0,0.0,0.0,0.0,0.0,IFFLP
0,1,-1,1,-1,1,0,-1,1,0,0,0,0,0,0.0,0.0,0.0,0.0,IFFLP
0,1,-1,1,-1,1,0,0,-1,0,0,0,0,0,0.0,0.0,0.0,0.0,IFFLP
0,1,-1,1,-1,1,0,0,0,0,0,0,0,0,0.0,0.0,0.0,0.0,IFFLP
0,1,-1,1,-1,1,0,0,1,0,0,0,0,0,0.0,0.0,0.0,0.0,IFFLP
0,1,-1,1,-1,1,0,1,-1,0,0,0,0,0,0.0,0.0,0.0,0.0,IFFLP
0,1,-1,1,-1,1,0,1,0,0,0,0,0,0,0.0,0.0,0.0,0.0,IFFLP
0,1,-1,1,-1,1,0,1,1,0,0,0,0,0,0.0,0.0,0.0,0.0,IFFLP
0,1,-1,1,-1,1,1,-1,-1,0,0,0,0,0,0.0,0.0,0.0,0.0,IFFLP
0,1,-1,1,-1,1,1,-1,0,0,0,0,0,0,0.0,0.0,0.0,0.0,IFFLP
0,1,-1,1,-1,1,1,-1,1,0,0,0,0,0,0.0,0.0,0.0,0.0,IFFLP
0,1,-1,1,-1,1,1,0,-1,0,0,0,0,0,0.0,0.0,0.0,0.0,IFFLP
0,1,-1,1,-1,1,1,0,0,0,0,0,0,0,0.0,0.0,0.0,0.0,IFFLP
0,1,-1,1,-1,1,1,0,1,1,1,1,0,0,1.512506862112223,249.44473392683506,1.512506862112223,249.44473392683506,IFFLP
0,1,-1,1,-1,1,1,1,-1,0,0,0,0,0,0.0,0.0,0.0,0.0,IFFLP
0,1,-1,1,-1,1,1,1,0,0,0,0,0,0,0.0,0.0,0.0,0.0,IFFLP
0,1,-1,1,-1,1,1,1,1,0,0,0,0,0,0.0,0.0,0.0,0.0,IFFLP
0,1,-1,1,0,1,-1,-1,-1,2,1,2,0,0,2.247535244639712,1.2881851115249205,2.304502047603893,1.666509823283516,Both
0,1,-1,1,0,1,-1,-1,0,0,0,0,0,0,0.0,0.0,0.0,0.0,Both
0,1,-1,1,0,1,-1,-1,1,1,1,1,0,0,4.840623193954864,0.9045798090149161,4.840623193954864,0.9045798090149161,Both
0,1,-1,1,0,1,-1,0,-1,0,0,0,0,0,0.0,0.0,0.0,0.0,Both
0,1,-1,1,0,1,-1,0,0,0,0,0,0,0,0.0,0.0,0.0,0.0,Both
0,1,-1,1,0,1,-1,0,1,0,0,0,0,0,0.0,0.0,0.0,0.0,Both
0,1,-1,1,0,1,-1,1,-1,0,0,0,0,0,0.0,0.0,0.0,0.0,Both
0,1,-1,1,0,1,-1,1,0,0,0,0,0,0,0.0,0.0,0.0,0.0,Both
0,1,-1,1,0,1,-1,1,1,0,0,0,0,0,0.0,0.0,0.0,0.0,Both
0,1,-1,1,0,1,0,-1,-1,0,0,0,0,0,0.0,0.0,0.0,0.0,IFFLP
0,1,-1,1,0,1,0,-1,0,0,0,0,0,0,0.0,0.0,0.0,0.0,IFFLP
0,1,-1,1,0,1,0,-1,1,0,0,0,0,0,0.0,0.0,0.0,0.0,IFFLP
0,1,-1,1,0,1,0,0,-1,0,0,0,0,0,0.0,0.0,0.0,0.0,IFFLP
0,1,-1,1,0,1,0,0,0,0,0,0,0,0,0.0,0.0,0.0,0.0,IFFLP
0,1,-1,1,0,1,0,0,1,0,0,0,0,0,0.0,0.0,0.0,0.0,IFFLP
0,1,-1,1,0,1,0,1,-1,0,0,0,0,0,0.0,0.0,0.0,0.0,IFFLP
0,1,-1,1,0,1,0,1,0,0,0,0,0,0,0.0,0.0,0.0,0.0,IFFLP
0,1,-1,1,0,1,0,1,1,0,0,0,0,0,0.0,0.0,0.0,0.0,IFFLP
0,1,-1,1,0,1,1,-1,-1,0,0,0,0,0,0.0,0.0,0.0,0.0,IFFLP
0,1,-1,1,0,1,1,-1,0,0,0,0,0,0,0.0,0.0,0.0,0.0,IFFLP
0,1,-1,1,0,1,1,-1,1,2,1,2,0,0,37.221226170015825,1.8744042402248107,72.53893223447636,2.836827615469352,IFFLP
0,1,-1,1,0,1,1,0,-1,0,0,0,0,0,0.0,0.0,0.0,0.0,IFFLP
0,1,-1,1,0,1,1,0,0,0,0,0,0,0,0.0,0.0,0.0,0.0,IFFLP
0,1,-1,1,0,1,1,0,1,0,0,0,0,0,0.0,0.0,0.0,0.0,IFFLP
0,1,-1,1,0,1,1,1,-1,0,0,0,0,0,0.0,0.0,0.0,0.0,IFFLP
0,1,-1,1,0,1,1,1,0,0,0,0,0,0,0.0,0.0,0.0,0.0,IFFLP
0,1,-1,1,0,1,1,1,1,0,0,0,0,0,0.0,0.0,0.0,0.0,IFFLP
0,1,-1,1,1,1,-1,-1,-1,3,1,3,0,0,8.107708921493673,1.2590629084284097,14.830762536716636,1.3534873467476816,Both
0,1,-1,1,1,1,-1,-1,0,1,1,1,0,0,1.1048189612097932,1.4133506180506272,1.1048189612097932,1.4133506180506272,Both
0,1,-1,1,1,1,-1,-1,1,1,1,1,0,0,81.22746132312028,3.0359265721985786,81.22746132312028,3.0359265721985786,Both
0,1,-1,1,1,1,-1,0,-1,0,0,0,0,0,0.0,0.0,0.0,0.0,Both
0,1,-1,1,1,1,-1,0,0,0,0,0,0,0,0.0,0.0,0.0,0.0,Both
0,1,-1,1,1,1,-1,0,1,0,0,0,0,0,0.0,0.0,0.0,0.0,Both
0,1,-1,1,1,1,-1,1,-1,0,0,0,0,0,0.0,0.0,0.0,0.0,Both
0,1,-1,1,1,1,-1,1,0,0,0,0,0,0,0.0,0.0,0.0,0.0,Both
0,1,-1,1,1,1,-1,1,1,0,0,0,0,0,0.0,0.0,0.0,0.0,Both
0,1,-1,1,1,1,0,-1,-1,1,1,1,0,0,2.1460877609944866,1.289963473019361,2.1460877609944866,1.289963473019361,IFFLP
0,1,-1,1,1,1,0,-1,0,3,1,3,0,0,2.785966839665622,1.3171672854316627,3.804466534472967,1.9452547356023813,IFFLP
0,1,-1,1,1,1,0,-1,1,1,1,1,0,0,1.7968650212919666,1.5505776263824458,1.7968650212919666,1.5505776263824458,IFFLP
0,1,-1,1,1,1,0,0,-1,0,0,0,0,0,0.0,0.0,0.0,0.0,IFFLP
0,1,-1,1,1,1,0,0,0,0,0,0,0,0,0.0,0.0,0.0,0.0,IFFLP
0,1,-1,1,1,1,0,0,1,0,0,0,0,0,0.0,0.0,0.0,0.0,IFFLP
0,1,-1,1,1,1,0,1,-1,0,0,0,0,0,0.0,0.0,0.0,0.0,IFFLP
0,1,-1,1,1,1,0,1,0,0,0,0,0,0,0.0,0.0,0.0,0.0,IFFLP
0,1,-1,1,1,1,0,1,1,0,0,0,0,0,0.0,0.0,0.0,0.0,IFFLP
0,1,-1,1,1,1,1,-1,-1,0,0,0,0,0,0.0,0.0,0.0,0.0,IFFLP
0,1,-1,1,1,1,1,-1,0,0,0,0,0,0,0.0,0.0,0.0,0.0,IFFLP
0,1,-1,1,1,1,1,-1,1,1,1,1,0,0,4.363864165035579,2.864033865169483,4.363864165035579,2.864033865169483,IFFLP
0,1,-1,1,1,1,1,0,-1,0,0,0,0,0,0.0,0.0,0.0,0.0,IFFLP
0,1,-1,1,1,1,1,0,0,0,0,0,0,0,0.0,0.0,0.0,0.0,IFFLP
0,1,-1,1,1,1,1,0,1,0,0,0,0,0,0.0,0.0,0.0,0.0,IFFLP
0,1,-1,1,1,1,1,1,-1,0,0,0,0,0,0.0,0.0,0.0,0.0,IFFLP
0,1,-1,1,1,1,1,1,0,0,0,0,0,0,0.0,0.0,0.0,0.0,IFFLP
0,1,-1,1,1,1,1,1,1,0,0,0,0,0,0.0,0.0,0.0,0.0,IFFLP
0,1,1,-1,-1,-1,-1,-1,-1,1,1,1,0,0,6.040924220487746,0.9992946491010701,6.040924220487746,0.9992946491010701,Both
0,1,1,-1,-1,-1,-1,-1,0,0,0,0,0,0,0.0,0.0,0.0,0.0,Both
0,1,1,-1,-1,-1,-1,-1,1,0,0,0,0,0,0.0,0.0,0.0,0.0,Both
0,1,1,-1,-1,-1,-1,0,-1,0,0,0,0,0,0.0,0.0,0.0,0.0,Both
0,1,1,-1,-1,-1,-1,0,0,0,0,0,0,0,0.0,0.0,0.0,0.0,Both
0,1,1,-1,-1,-1,-1,0,1,1,1,1,0,0,9.166925278373748,0.9491997545082362,9.166925278373748,0.9491997545082362,Both
0,1,1,-1,-1,-1,-1,1,-1,0,0,0,0,0,0.0,0.0,0.0,0.0,Both
0,1,1,-1,-1,-1,-1,1,0,0,0,0,0,0,0.0,0.0,0.0,0.0,Both
0,1,1,-1,-1,-1,-1,1,1,3,1,3,0,0,9.156593245229253,1.7508083900655953,19.867100622478862,3.007862693004823,Both
0,1,1,-1,-1,-1,0,-1,-1,0,0,0,0,0,0.0,0.0,0.0,0.0,Both
0,1,1,-1,-1,-1,0,-1,0,0,0,0,0,0,0.0,0.0,0.0,0.0,Both
0,1,1,-1,-1,-1,0,-1,1,0,0,0,0,0,0.0,0.0,0.0,0.0,Both
0,1,1,-1,-1,-1,0,0,-1,0,0,0,0,0,0.0,0.0,0.0,0.0,IFFLP
0,1,1,-1,-1,-1,0,0,0,1,1,1,0,0,3.8116706837499366,0.9114347268173354,3.8116706837499366,0.9114347268173354,IFFLP
0,1,1,-1,-1,-1,0,0,1,1,1,1,0,0,1.6584956647695925,0.9372061898456182,1.6584956647695925,0.9372061898456182,IFFLP
0,1,1,-1,-1,-1,0,1,-1,0,0,0,0,0,0.0,0.0,0.0,0.0,Both
0,1,1,-1,-1,-1,0,1,0,0,0,0,0,0,0.0,0.0,0.0,0.0,Both
0,1,1,-1,-1,-1,0,1,1,1,1,1,0,0,1.9634440639946134,5.489434647161028,1.9634440639946134,5.489434647161028,Both
0,1,1,-1,-1,-1,1,-1,-1,0,0,0,0,0,0.0,0.0,0.0,0.0,Both
0,1,1,-1,-1,-1,1,-1,0,0,0,0,0,0,0.0,0.0,0.0,0.0,Both
0,1,1,-1,-1,-1,1,-1,1,3,1,3,0,0,34.65702194178517,0.9643799242520062,101.61263606919356,1.0035185931661887,Both
0,1,1,-1,-1,-1,1,0,-1,1,1,1,0,0,40.16313614635711,0.9325310737726513,40.16313614635711,0.9325310737726513,IFFLP
0,1,1,-1,-1,-1,1,0,0,0,0,0,0,0,0.0,0.0,0.0,0.0,IFFLP
0,1,1,-1,-1,-1,1,0,1,0,0,0,0,0,0.0,0.0,0.0,0.0,IFFLP
0,1,1,-1,-1,-1,1,1,-1,5,1,5,0,0,24.967976689426216,1.2281884680728745,74.77122512351477,1.699131073533129,Both
0,1,1,-1,-1,-1,1,1,0,0,0,0,0,0,0.0,0.0,0.0,0.0,Both
0,1,1,-1,-1,-1,1,1,1,2,1,2,0,0,2.6853478276953924,3.460785936197388,2.9781071461217903,6.0142489397543395,Both
0,1,1,-1,0,-1,-1,-1,-1,0,0,0,0,0,0.0,0.0,0.0,0.0,Both
0,1,1,-1,0,-1,-1,-1,0,0,0,0,0,0,0.0,0.0,0.0,0.0,Both
0,1,1,-1,0,-1,-1,-1,1,0,0,0,0,0,0.0,0.0,0.0,0.0,Both
0,1,1,-1,0,-1,-1,0,-1,7,1,7,0,0,3.189006467883728,1.059421797388286,11.396308091418671,1.1903501574407898,Both
0,1,1,-1,0,-1,-1,0,0,0,0,0,0,0,0.0,0.0,0.0,0.0,Both
0,1,1,-1,0,-1,-1,0,1,2,1,2,0,0,5.8549500352902,1.0530047990674314,10.52080989398063,1.1415233350484353,Both
0,1,1,-1,0,-1,-1,1,-1,3,1,3,0,0,3.88811087784487,0.9670676255225801,6.486403086580974,1.0734723464127394,Both
0,1,1,-1,0,-1,-1,1,0,2,1,2,0,0,5.729112636331874,0.9419620638816457,10.451384430638768,0.9711754907179354,Both
0,1,1,-1,0,-1,-1,1,1,2,1,2,0,0,2.2541286378572263,1.3241948844509686,3.346466312249317,1.7264423755988998,Both
0,1,1,-1,0,-1,0,-1,-1,1,1,1,0,0,4.01306734575954,1.2696089740904806,4.01306734575954,1.2696089740904806,Both
0,1,1,-1,0,-1,0,-1,0,0,0,0,0,0,0.0,0.0,0.0,0.0,Both
0,1,1,-1,0,-1,0,-1,1,0,0,0,0,0,0.0,0.0,0.0,0.0,Both
0,1,1,-1,0,-1,0,0,-1,2,1,2,0,0,1.016412167723968,0.9443394890905819,1.0300963870930344,0.9815059079003616,IFFLP
0,1,1,-1,0,-1,0,0,0,5,1,5,0,0,11.011263477946503,1.0822282963570091,38.63175845541655,1.329609794182705,IFFLP
0,1,1,-1,0,-1,0,0,1,2,1,2,0,0,4.1674888186261265,1.260191570928817,7.2146887111583595,1.4627770741648374,IFFLP
0,1,1,-1,0,-1,0,1,-1,2,1,2,0,0,1.5234305773198002,0.9987581307056405,1.972047864480902,1.0537322124092674,Both
0,1,1,-1,0,-1,0,1,0,2,1,2,0,0,3.418780644297496,1.2200888834376054,5.788298130765568,1.4006358343969123,Both
0,1,1,-1,0,-1,0,1,1,4,1,4,0,0,2.7157042282681854,0.9379868709447858,4.796274232095606,0.9805191320545259,Both
0,1,1,-1,0,-1,1,-1,-1,2,1,2,0,0,1.2263209957435453,1.6913593984434518,1.4482201876553473,2.238993875209021,Both
0,1,1,-1,0,-1,1,-1,0,0,0,0,0,0,0.0,0.0,0.0,0.0,Both
0,1,1,-1,0,-1,1,-1,1,1,1,1,0,0,2.08730597779308,1.8263807833044823,2.08730597779308,1.8263807833044823,Both
0,1,1,-1,0,-1,1,0,-1,9,1,9,0,0,33.33968999213775,1.4880357343173158,249.65854111633146,5.104693720906667,IFFLP
0,1,1,-1,0,-1,1,0,0,6,1,6,0,0,42.701416712634995,1.3359824071109154,210.2377458015846,1.8644098951334578,IFFLP
0,1,1,-1,0,-1,1,0,1,3,1,3,0,0,10.068392688734962,1.0287107042814378,27.346727042919404,1.1359664119457187,IFFLP
0,1,1,-1,0,-1,1,1,-1,9,1,9,0,0,41.72171439673352,1.300400533433235,349.918984824463,3.5418299481424977,Both
0,1,1,-1,0,-1,1,1,0,6,1,6,0,0,41.917009634455255,257.43060905506655,229.87345632003638,1528.836467925327,Both
0,1,1,-1,0,-1,1,1,1,4,1,4,0,0,31.05715243818492,1.7611544412204054,117.47487812937098,3.584609640245375,Both
0,1,1,-1,1,-1,-1,-1,-1,0,0,0,0,0,0.0,0.0,0.0,0.0,Both
0,1,1,-1,1,-1,-1,-1,0,0,0,0,0,0,0.0,0.0,0.0,0.0,Both
0,1,1,-1,1,-1,-1,-1,1,0,0,0,0,0,0.0,0.0,0.0,0.0,Both
0,1,1,-1,1,-1,-1,0,-1,1,1,1,0,0,7.598182430225781,1.1504386588641178,7.598182430225781,1.1504386588641178,Both
0,1,1,-1,1,-1,-1,0,0,0,0,0,0,0,0.0,0.0,0.0,0.0,Both
0,1,1,-1,1,-1,-1,0,1,0,0,0,0,0,0.0,0.0,0.0,0.0,Both
0,1,1,-1,1,-1,-1,1,-1,2,1,2,0,0,1.6376904635654643,3.15189468615523,1.6534426851253348,5.376406653786831,Both
0,1,1,-1,1,-1,-1,1,0,1,1,1,0,0,1.0204986962748304,0.9945480757054185,1.0204986962748304,0.9945480757054185,Both
0,1,1,-1,1,-1,-1,1,1,0,0,0,0,0,0.0,0.0,0.0,0.0,Both
0,1,1,-1,1,-1,0,-1,-1,0,0,0,0,0,0.0,0.0,0.0,0.0,Both
0,1,1,-1,1,-1,0,-1,0,0,0,0,0,0,0.0,0.0,0.0,0.0,Both
0,1,1,-1,1,-1,0,-1,1,0,0,0,0,0,0.0,0.0,0.0,0.0,Both
0,1,1,-1,1,-1,0,0,-1,0,0,0,0,0,0.0,0.0,0.0,0.0,IFFLP
0,1,1,-1,1,-1,0,0,0,1,1,1,0,0,1.062386698910805,0.9944147992492304,1.062386698910805,0.9944147992492304,IFFLP
0,1,1,-1,1,-1,0,0,1,0,0,0,0,0,0.0,0.0,0.0,0.0,IFFLP
0,1,1,-1,1,-1,0,1,-1,1,1,1,0,0,1.0710433040655363,0.9938309260613907,1.0710433040655363,0.9938309260613907,Both
0,1,1,-1,1,-1,0,1,0,0,0,0,0,0,0.0,0.0,0.0,0.0,Both
0,1,1,-1,1,-1,0,1,1,0,0,0,0,0,0.0,0.0,0.0,0.0,Both
0,1,1,-1,1,-1,1,-1,-1,0,0,0,0,0,0.0,0.0,0.0,0.0,Both
0,1,1,-1,1,-1,1,-1,0,0,0,0,0,0,0.0,0.0,0.0,0.0,Both
0,1,1,-1,1,-1,1,-1,1,0,0,0,0,0,0.0,0.0,0.0,0.0,Both
0,1,1,-1,1,-1,1,0,-1,3,1,3,0,0,4.838910349784952,3.9450115461492445,10.043844881624732,9.714618876110121,IFFLP
0,1,1,-1,1,-1,1,0,0,2,1,2,0,0,1.2619628548344721,0.9490655897410339,1.4491191849234146,0.9568875961719002,IFFLP
0,1,1,-1,1,-1,1,0,1,0,0,0,0,0,0.0,0.0,0.0,0.0,IFFLP
0,1,1,-1,1,-1,1,1,-1,0,0,0,0,0,0.0,0.0,0.0,0.0,Both
0,1,1,-1,1,-1,1,1,0,0,0,0,0,0,0.0,0.0,0.0,0.0,Both
0,1,1,-1,1,-1,1,1,1,1,1,1,0,0,2.724324561624015,0.9619211622798739,2.724324561624015,0.9619211622798739,Both
0,1,1,0,-1,-1,-1,-1,-1,0,0,0,0,0,0.0,0.0,0.0,0.0,Both
0,1,1,0,-1,-1,-1,-1,0,0,0,0,0,0,0.0,0.0,0.0,0.0,Both
0,1,1,0,-1,-1,-1,-1,1,0,0,0,0,0,0.0,0.0,0.0,0.0,Both
0,1,1,0,-1,-1,-1,0,-1,0,0,0,0,0,0.0,0.0,0.0,0.0,Both
0,1,1,0,-1,-1,-1,0,0,0,0,0,0,0,0.0,0.0,0.0,0.0,Both
0,1,1,0,-1,-1,-1,0,1,0,0,0,0,0,0.0,0.0,0.0,0.0,Both
0,1,1,0,-1,-1,-1,1,-1,0,0,0,0,0,0.0,0.0,0.0,0.0,Both
0,1,1,0,-1,-1,-1,1,0,0,0,0,0,0,0.0,0.0,0.0,0.0,Both
0,1,1,0,-1,-1,-1,1,1,0,0,0,0,0,0.0,0.0,0.0,0.0,Both
0,1,1,0,-1,-1,0,-1,-1,0,0,0,0,0,0.0,0.0,0.0,0.0,Both
0,1,1,0,-1,-1,0,-1,0,0,0,0,0,0,0.0,0.0,0.0,0.0,Both
0,1,1,0,-1,-1,0,-1,1,0,0,0,0,0,0.0,0.0,0.0,0.0,Both
0,1,1,0,-1,-1,0,0,-1,0,0,0,0,0,0.0,0.0,0.0,0.0,IFFLP
0,1,1,0,-1,-1,0,0,0,0,0,0,0,0,0.0,0.0,0.0,0.0,IFFLP
0,1,1,0,-1,-1,0,0,1,0,0,0,0,0,0.0,0.0,0.0,0.0,IFFLP
0,1,1,0,-1,-1,0,1,-1,0,0,0,0,0,0.0,0.0,0.0,0.0,Both
0,1,1,0,-1,-1,0,1,0,0,0,0,0,0,0.0,0.0,0.0,0.0,Both
0,1,1,0,-1,-1,0,1,1,0,0,0,0,0,0.0,0.0,0.0,0.0,Both
0,1,1,0,-1,-1,1,-1,-1,0,0,0,0,0,0.0,0.0,0.0,0.0,Both
0,1,1,0,-1,-1,1,-1,0,0,0,0,0,0,0.0,0.0,0.0,0.0,Both
0,1,1,0,-1,-1,1,-1,1,0,0,0,0,0,0.0,0.0,0.0,0.0,Both
0,1,1,0,-1,-1,1,0,-1,0,0,0,0,0,0.0,0.0,0.0,0.0,IFFLP
0,1,1,0,-1,-1,1,0,0,1,1,1,0,0,1.1277781027212384,0.9502353205551664,1.1277781027212384,0.9502353205551664,IFFLP
0,1,1,0,-1,-1,1,0,1,0,0,0,0,0,0.0,0.0,0.0,0.0,IFFLP
0,1,1,0,-1,-1,1,1,-1,0,0,0,0,0,0.0,0.0,0.0,0.0,Both
0,1,1,0,-1,-1,1,1,0,0,0,0,0,0,0.0,0.0,0.0,0.0,Both
0,1,1,0,-1,-1,1,1,1,1,1,1,0,0,222.67860926686882,0.9527856814156294,222.67860926686882,0.9527856814156294,Both
0,1,1,0,0,-1,-1,-1,-1,0,0,0,0,0,0.0,0.0,0.0,0.0,Both
0,1,1,0,0,-1,-1,-1,0,0,0,0,0,0,0.0,0.0,0.0,0.0,Both
0,1,1,0,0,-1,-1,-1,1,0,0,0,0,0,0.0,0.0,0.0,0.0,Both
0,1,1,0,0,-1,-1,0,-1,0,0,0,0,0,0.0,0.0,0.0,0.0,Both
0,1,1,0,0,-1,-1,0,0,0,0,0,0,0,0.0,0.0,0.0,0.0,Both
0,1,1,0,0,-1,-1,0,1,0,0,0,0,0,0.0,0.0,0.0,0.0,Both
0,1,1,0,0,-1,-1,1,-1,0,0,0,0,0,0.0,0.0,0.0,0.0,Both
0,1,1,0,0,-1,-1,1,0,0,0,0,0,0,0.0,0.0,0.0,0.0,Both
0,1,1,0,0,-1,-1,1,1,0,0,0,0,0,0.0,0.0,0.0,0.0,Both
0,1,1,0,0,-1,0,-1,-1,0,0,0,0,0,0.0,0.0,0.0,0.0,Both
0,1,1,0,0,-1,0,-1,0,0,0,0,0,0,0.0,0.0,0.0,0.0,Both
0,1,1,0,0,-1,0,-1,1,0,0,0,0,0,0.0,0.0,0.0,0.0,Both
0,1,1,0,0,-1,0,0,-1,0,0,0,0,0,0.0,0.0,0.0,0.0,IFFLP
0,1,1,0,0,-1,0,0,0,0,0,0,0,0,0.0,0.0,0.0,0.0,IFFLP
0,1,1,0,0,-1,0,0,1,0,0,0,0,0,0.0,0.0,0.0,0.0,IFFLP
0,1,1,0,0,-1,0,1,-1,0,0,0,0,0,0.0,0.0,0.0,0.0,Both
0,1,1,0,0,-1,0,1,0,0,0,0,0,0,0.0,0.0,0.0,0.0,Both
0,1,1,0,0,-1,0,1,1,1,1,1,0,0,61.95289544053606,1118.732885332815,61.95289544053606,1118.732885332815,Both
0,1,1,0,0,-1,1,-1,-1,0,0,0,0,0,0.0,0.0,0.0,0.0,Both
0,1,1,0,0,-1,1,-1,0,0,0,0,0,0,0.0,0.0,0.0,0.0,Both
0,1,1,0,0,-1,1,-1,1,0,0,0,0,0,0.0,0.0,0.0,0.0,Both
0,1,1,0,0,-1,1,0,-1,2,1,2,0,0,3.3205564079466754,4.965520429435028,4.924642920496661,8.794879442125147,IFFLP
0,1,1,0,0,-1,1,0,0,0,0,0,0,0,0.0,0.0,0.0,0.0,IFFLP
0,1,1,0,0,-1,1,0,1,1,1,1,0,0,5.0019078789873435,2.439315841037895,5.0019078789873435,2.439315841037895,IFFLP
0,1,1,0,0,-1,1,1,-1,0,0,0,0,0,0.0,0.0,0.0,0.0,Both
0,1,1,0,0,-1,1,1,0,1,1,1,0,0,2.50084445264455,1.5322011951074965,2.50084445264455,1.5322011951074965,Both
0,1,1,0,0,-1,1,1,1,2,1,2,0,0,2.434296201327681,996.5923158845204,3.739130547856201,1992.1624826935858,Both
0,1,1,0,1,-1,-1,-1,-1,0,0,0,0,0,0.0,0.0,0.0,0.0,Both
0,1,1,0,1,-1,-1,-1,0,0,0,0,0,0,0.0,0.0,0.0,0.0,Both
0,1,1,0,1,-1,-1,-1,1,0,0,0,0,0,0.0,0.0,0.0,0.0,Both
0,1,1,0,1,-1,-1,0,-1,0,0,0,0,0,0.0,0.0,0.0,0.0,Both
0,1,1,0,1,-1,-1,0,0,0,0,0,0,0,0.0,0.0,0.0,0.0,Both
0,1,1,0,1,-1,-1,0,1,0,0,0,0,0,0.0,0.0,0.0,0.0,Both
0,1,1,0,1,-1,-1,1,-1,0,0,0,0,0,0.0,0.0,0.0,0.0,Both
0,1,1,0,1,-1,-1,1,0,0,0,0,0,0,0.0,0.0,0.0,0.0,Both
0,1,1,0,1,-1,-1,1,1,0,0,0,0,0,0.0,0.0,0.0,0.0,Both
0,1,1,0,1,-1,0,-1,-1,0,0,0,0,0,0.0,0.0,0.0,0.0,Both
0,1,1,0,1,-1,0,-1,0,0,0,0,0,0,0.0,0.0,0.0,0.0,Both
0,1,1,0,1,-1,0,-1,1,0,0,0,0,0,0.0,0.0,0.0,0.0,Both
0,1,1,0,1,-1,0,0,-1,0,0,0,0,0,0.0,0.0,0.0,0.0,IFFLP
0,1,1,0,1,-1,0,0,0,0,0,0,0,0,0.0,0.0,0.0,0.0,IFFLP
0,1,1,0,1,-1,0,0,1,0,0,0,0,0,0.0,0.0,0.0,0.0,IFFLP
0,1,1,0,1,-1,0,1,-1,0,0,0,0,0,0.0,0.0,0.0,0.0,Both
0,1,1,0,1,-1,0,1,0,0,0,0,0,0,0.0,0.0,0.0,0.0,Both
0,1,1,0,1,-1,0,1,1,0,0,0,0,0,0.0,0.0,0.0,0.0,Both
0,1,1,0,1,-1,1,-1,-1,0,0,0,0,0,0.0,0.0,0.0,0.0,Both
0,1,1,0,1,-1,1,-1,0,0,0,0,0,0,0.0,0.0,0.0,0.0,Both
0,1,1,0,1,-1,1,-1,1,0,0,0,0,0,0.0,0.0,0.0,0.0,Both
0,1,1,0,1,-1,1,0,-1,1,1,1,0,0,150.86895128889023,1.0127163586657577,150.86895128889023,1.0127163586657577,IFFLP
0,1,1,0,1,-1,1,0,0,0,0,0,0,0,0.0,0.0,0.0,0.0,IFFLP
0,1,1,0,1,-1,1,0,1,0,0,0,0,0,0.0,0.0,0.0,0.0,IFFLP
0,1,1,0,1,-1,1,1,-1,0,0,0,0,0,0.0,0.0,0.0,0.0,Both
0,1,1,0,1,-1,1,1,0,0,0,0,0,0,0.0,0.0,0.0,0.0,Both
0,1,1,0,1,-1,1,1,1,0,0,0,0,0,0.0,0.0,0.0,0.0,Both
0,1,1,1,-1,-1,-1,-1,-1,0,0,0,0,0,0.0,0.0,0.0,0.0,Both
0,1,1,1,-1,-1,-1,-1,0,0,0,0,0,0,0.0,0.0,0.0,0.0,Both
0,1,1,1,-1,-1,-1,-1,1,0,0,0,0,0,0.0,0.0,0.0,0.0,Both
0,1,1,1,-1,-1,-1,0,-1,0,0,0,0,0,0.0,0.0,0.0,0.0,Both
0,1,1,1,-1,-1,-1,0,0,0,0,0,0,0,0.0,0.0,0.0,0.0,Both
0,1,1,1,-1,-1,-1,0,1,0,0,0,0,0,0.0,0.0,0.0,0.0,Both
0,1,1,1,-1,-1,-1,1,-1,0,0,0,0,0,0.0,0.0,0.0,0.0,Both
0,1,1,1,-1,-1,-1,1,0,0,0,0,0,0,0.0,0.0,0.0,0.0,Both
0,1,1,1,-1,-1,-1,1,1,0,0,0,0,0,0.0,0.0,0.0,0.0,Both
0,1,1,1,-1,-1,0,-1,-1,0,0,0,0,0,0.0,0.0,0.0,0.0,Both
0,1,1,1,-1,-1,0,-1,0,0,0,0,0,0,0.0,0.0,0.0,0.0,Both
0,1,1,1,-1,-1,0,-1,1,0,0,0,0,0,0.0,0.0,0.0,0.0,Both
0,1,1,1,-1,-1,0,0,-1,0,0,0,0,0,0.0,0.0,0.0,0.0,IFFLP
0,1,1,1,-1,-1,0,0,0,0,0,0,0,0,0.0,0.0,0.0,0.0,IFFLP
0,1,1,1,-1,-1,0,0,1,0,0,0,0,0,0.0,0.0,0.0,0.0,IFFLP
0,1,1,1,-1,-1,0,1,-1,1,1,1,0,0,1.2350829366035334,0.9356993086456744,1.2350829366035334,0.9356993086456744,Both
0,1,1,1,-1,-1,0,1,0,0,0,0,0,0,0.0,0.0,0.0,0.0,Both
0,1,1,1,-1,-1,0,1,1,0,0,0,0,0,0.0,0.0,0.0,0.0,Both
0,1,1,1,-1,-1,1,-1,-1,0,0,0,0,0,0.0,0.0,0.0,0.0,Both
0,1,1,1,-1,-1,1,-1,0,0,0,0,0,0,0.0,0.0,0.0,0.0,Both
0,1,1,1,-1,-1,1,-1,1,0,0,0,0,0,0.0,0.0,0.0,0.0,Both
0,1,1,1,-1,-1,1,0,-1,0,0,0,0,0,0.0,0.0,0.0,0.0,IFFLP
0,1,1,1,-1,-1,1,0,0,0,0,0,0,0,0.0,0.0,0.0,0.0,IFFLP
0,1,1,1,-1,-1,1,0,1,0,0,0,0,0,0.0,0.0,0.0,0.0,IFFLP
0,1,1,1,-1,-1,1,1,-1,0,0,0,0,0,0.0,0.0,0.0,0.0,Both
0,1,1,1,-1,-1,1,1,0,0,0,0,0,0,0.0,0.0,0.0,0.0,Both
0,1,1,1,-1,-1,1,1,1,0,0,0,0,0,0.0,0.0,0.0,0.0,Both
0,1,1,1,0,-1,-1,-1,-1,0,0,0,0,0,0.0,0.0,0.0,0.0,Both
0,1,1,1,0,-1,-1,-1,0,0,0,0,0,0,0.0,0.0,0.0,0.0,Both
0,1,1,1,0,-1,-1,-1,1,0,0,0,0,0,0.0,0.0,0.0,0.0,Both
0,1,1,1,0,-1,-1,0,-1,0,0,0,0,0,0.0,0.0,0.0,0.0,Both
0,1,1,1,0,-1,-1,0,0,0,0,0,0,0,0.0,0.0,0.0,0.0,Both
0,1,1,1,0,-1,-1,0,1,0,0,0,0,0,0.0,0.0,0.0,0.0,Both
0,1,1,1,0,-1,-1,1,-1,0,0,0,0,0,0.0,0.0,0.0,0.0,Both
0,1,1,1,0,-1,-1,1,0,0,0,0,0,0,0.0,0.0,0.0,0.0,Both
0,1,1,1,0,-1,-1,1,1,1,1,1,0,0,18.012991743267605,125.65528220175611,18.012991743267605,125.65528220175611,Both
0,1,1,1,0,-1,0,-1,-1,0,0,0,0,0,0.0,0.0,0.0,0.0,Both
0,1,1,1,0,-1,0,-1,0,0,0,0,0,0,0.0,0.0,0.0,0.0,Both
0,1,1,1,0,-1,0,-1,1,0,0,0,0,0,0.0,0.0,0.0,0.0,Both
0,1,1,1,0,-1,0,0,-1,1,1,1,0,0,1.6787943589825551,1.1390084392257167,1.6787943589825551,1.1390084392257167,IFFLP
0,1,1,1,0,-1,0,0,0,0,0,0,0,0,0.0,0.0,0.0,0.0,IFFLP
0,1,1,1,0,-1,0,0,1,0,0,0,0,0,0.0,0.0,0.0,0.0,IFFLP
0,1,1,1,0,-1,0,1,-1,0,0,0,0,0,0.0,0.0,0.0,0.0,Both
0,1,1,1,0,-1,0,1,0,0,0,0,0,0,0.0,0.0,0.0,0.0,Both
0,1,1,1,0,-1,0,1,1,0,0,0,0,0,0.0,0.0,0.0,0.0,Both
0,1,1,1,0,-1,1,-1,-1,0,0,0,0,0,0.0,0.0,0.0,0.0,Both
0,1,1,1,0,-1,1,-1,0,0,0,0,0,0,0.0,0.0,0.0,0.0,Both
0,1,1,1,0,-1,1,-1,1,0,0,0,0,0,0.0,0.0,0.0,0.0,Both
0,1,1,1,0,-1,1,0,-1,1,1,1,0,0,3.6039363849102,1.0245383385447075,3.6039363849102,1.0245383385447075,IFFLP
0,1,1,1,0,-1,1,0,0,0,0,0,0,0,0.0,0.0,0.0,0.0,IFFLP
0,1,1,1,0,-1,1,0,1,0,0,0,0,0,0.0,0.0,0.0,0.0,IFFLP
0,1,1,1,0,-1,1,1,-1,0,0,0,0,0,0.0,0.0,0.0,0.0,Both
0,1,1,1,0,-1,1,1,0,0,0,0,0,0,0.0,0.0,0.0,0.0,Both
0,1,1,1,0,-1,1,1,1,0,0,0,0,0,0.0,0.0,0.0,0.0,Both
0,1,1,1,1,-1,-1,-1,-1,1,1,1,0,0,6.927393854991021,1.0892989750587432,6.927393854991021,1.0892989750587432,Both
0,1,1,1,1,-1,-1,-1,0,0,0,0,0,0,0.0,0.0,0.0,0.0,Both
0,1,1,1,1,-1,-1,-1,1,0,0,0,0,0,0.0,0.0,0.0,0.0,Both
0,1,1,1,1,-1,-1,0,-1,0,0,0,0,0,0.0,0.0,0.0,0.0,Both
0,1,1,1,1,-1,-1,0,0,0,0,0,0,0,0.0,0.0,0.0,0.0,Both
0,1,1,1,1,-1,-1,0,1,0,0,0,0,0,0.0,0.0,0.0,0.0,Both
0,1,1,1,1,-1,-1,1,-1,0,0,0,0,0,0.0,0.0,0.0,0.0,Both
0,1,1,1,1,-1,-1,1,0,0,0,0,0,0,0.0,0.0,0.0,0.0,Both
0,1,1,1,1,-1,-1,1,1,0,0,0,0,0,0.0,0.0,0.0,0.0,Both
0,1,1,1,1,-1,0,-1,-1,0,0,0,0,0,0.0,0.0,0.0,0.0,Both
0,1,1,1,1,-1,0,-1,0,0,0,0,0,0,0.0,0.0,0.0,0.0,Both
0,1,1,1,1,-1,0,-1,1,0,0,0,0,0,0.0,0.0,0.0,0.0,Both
0,1,1,1,1,-1,0,0,-1,1,1,1,0,0,7.808714034921293,1.0265046969127427,7.808714034921293,1.0265046969127427,IFFLP
0,1,1,1,1,-1,0,0,0,0,0,0,0,0,0.0,0.0,0.0,0.0,IFFLP
0,1,1,1,1,-1,0,0,1,0,0,0,0,0,0.0,0.0,0.0,0.0,IFFLP
0,1,1,1,1,-1,0,1,-1,0,0,0,0,0,0.0,0.0,0.0,0.0,Both
0,1,1,1,1,-1,0,1,0,0,0,0,0,0,0.0,0.0,0.0,0.0,Both
0,1,1,1,1,-1,0,1,1,0,0,0,0,0,0.0,0.0,0.0,0.0,Both
0,1,1,1,1,-1,1,-1,-1,0,0,0,0,0,0.0,0.0,0.0,0.0,Both
0,1,1,1,1,-1,1,-1,0,0,0,0,0,0,0.0,0.0,0.0,0.0,Both
0,1,1,1,1,-1,1,-1,1,0,0,0,0,0,0.0,0.0,0.0,0.0,Both
0,1,1,1,1,-1,1,0,-1,0,0,0,0,0,0.0,0.0,0.0,0.0,IFFLP
0,1,1,1,1,-1,1,0,0,0,0,0,0,0,0.0,0.0,0.0,0.0,IFFLP
0,1,1,1,1,-1,1,0,1,0,0,0,0,0,0.0,0.0,0.0,0.0,IFFLP
0,1,1,1,1,-1,1,1,-1,0,0,0,0,0,0.0,0.0,0.0,0.0,Both
0,1,1,1,1,-1,1,1,0,0,0,0,0,0,0.0,0.0,0.0,0.0,Both
0,1,1,1,1,-1,1,1,1,0,0,0,0,0,0.0,0.0,0.0,0.0,Both
1,1,-1,-1,-1,1,-1,-1,-1,7,1,7,0,0,3.724519915414962,1.81684566234287,12.220645820982911,4.920500063760601,Both
1,1,-1,-1,-1,1,-1,-1,0,0,0,0,0,0,0.0,0.0,0.0,0.0,Both
1,1,-1,-1,-1,1,-1,-1,1,2,1,2,0,0,3.436083535818062,4.163474098243978,5.583359218447917,6.845969494954927,Both
1,1,-1,-1,-1,1,-1,0,-1,1,1,1,0,0,3.636094555583451,0.9917536418430949,3.636094555583451,0.9917536418430949,Both
1,1,-1,-1,-1,1,-1,0,0,0,0,0,0,0,0.0,0.0,0.0,0.0,Both
1,1,-1,-1,-1,1,-1,0,1,0,0,0,0,0,0.0,0.0,0.0,0.0,Both
1,1,-1,-1,-1,1,-1,1,-1,0,0,0,0,0,0.0,0.0,0.0,0.0,Both
1,1,-1,-1,-1,1,-1,1,0,1,1,1,0,0,2.4292652242185415,1.0485504564027066,2.4292652242185415,1.0485504564027066,Both
1,1,-1,-1,-1,1,-1,1,1,0,0,0,0,0,0.0,0.0,0.0,0.0,Both
1,1,-1,-1,-1,1,0,-1,-1,1,1,1,0,0,2.9108159765149044,1.5702515635751828,2.9108159765149044,1.5702515635751828,IFFLP
1,1,-1,-1,-1,1,0,-1,0,2,1,2,0,0,32.40007566450262,1.220533536582788,62.6749575650964,1.4326019414733324,IFFLP
1,1,-1,-1,-1,1,0,-1,1,1,1,1,0,0,139.26564583406844,1.1846250824340037,139.26564583406844,1.1846250824340037,IFFLP
1,1,-1,-1,-1,1,0,0,-1,0,0,0,0,0,0.0,0.0,0.0,0.0,IFFLP
1,1,-1,-1,-1,1,0,0,0,2,1,2,0,0,1.5013324025622405,1.4725778097288762,1.8882668456046305,1.5468447094992068,IFFLP
1,1,-1,-1,-1,1,0,0,1,0,0,0,0,0,0.0,0.0,0.0,0.0,IFFLP
1,1,-1,-1,-1,1,0,1,-1,1,1,1,0,0,2.3564962300900265,1.1986488909749338,2.3564962300900265,1.1986488909749338,IFFLP
1,1,-1,-1,-1,1,0,1,0,0,0,0,0,0,0.0,0.0,0.0,0.0,IFFLP
1,1,-1,-1,-1,1,0,1,1,0,0,0,0,0,0.0,0.0,0.0,0.0,IFFLP
1,1,-1,-1,-1,1,1,-1,-1,2,1,2,0,0,2.523460566168409,1.2106813988833147,3.788743691316519,1.477041106636331,IFFLP
1,1,-1,-1,-1,1,1,-1,0,4,1,4,0,0,2.849175256807147,4.298820690857715,4.194418775995072,11.691647072346095,IFFLP
1,1,-1,-1,-1,1,1,-1,1,2,1,2,0,0,23.192891731136,1.3959543099403777,25.233712498783195,1.6846607152350388,IFFLP
1,1,-1,-1,-1,1,1,0,-1,1,1,1,0,0,2.359624388604492,1.1981687674692063,2.359624388604492,1.1981687674692063,IFFLP
1,1,-1,-1,-1,1,1,0,0,1,1,1,0,0,3.6093776314358226,1.9099961526443536,3.6093776314358226,1.9099961526443536,IFFLP
1,1,-1,-1,-1,1,1,0,1,1,1,1,0,0,4.346074632057905,1.0232225199564666,4.346074632057905,1.0232225199564666,IFFLP
1,1,-1,-1,-1,1,1,1,-1,0,0,0,0,0,0.0,0.0,0.0,0.0,IFFLP
1,1,-1,-1,-1,1,1,1,0,0,0,0,0,0,0.0,0.0,0.0,0.0,IFFLP
1,1,-1,-1,-1,1,1,1,1,0,0,0,0,0,0.0,0.0,0.0,0.0,IFFLP
1,1,-1,-1,0,1,-1,-1,-1,2,1,2,0,0,51.44248435421393,2.341974694022155,72.8039880676445,3.6121861199739573,Both
1,1,-1,-1,0,1,-1,-1,0,9,1,8,1,0,13.754986709750439,3.05365986146224,56.62996106479317,12.811177399182437,Both
1,1,-1,-1,0,1,-1,-1,1,1,1,1,0,0,11.996494368099658,0.9172641907316739,11.996494368099658,0.9172641907316739,Both
1,1,-1,-1,0,1,-1,0,-1,1,1,1,0,0,1.1655275783099734,1.1046738744837945,1.1655275783099734,1.1046738744837945,Both
1,1,-1,-1,0,1,-1,0,0,1,1,1,0,0,167.59957262747636,0.960304876064822,167.59957262747636,0.960304876064822,Both
1,1,-1,-1,0,1,-1,0,1,0,0,0,0,0,0.0,0.0,0.0,0.0,Both
1,1,-1,-1,0,1,-1,1,-1,1,1,1,0,0,5.339209631277595,0.9360867140451266,5.339209631277595,0.9360867140451266,Both
1,1,-1,-1,0,1,-1,1,0,0,0,0,0,0,0.0,0.0,0.0,0.0,Both
1,1,-1,-1,0,1,-1,1,1,0,0,0,0,0,0.0,0.0,0.0,0.0,Both
1,1,-1,-1,0,1,0,-1,-1,2,1,2,0,0,2.3014737793757614,12.62080384725672,2.558267668549584,24.137579562586737,IFFLP
1,1,-1,-1,0,1,0,-1,0,8,1,8,0,0,10.278159486260137,60.397716522741064,66.95968011865159,461.05180890323066,IFFLP
1,1,-1,-1,0,1,0,-1,1,4,1,4,0,0,15.405928092940954,1.9205642686803226,54.82674912800149,2.7015534758598183,IFFLP
1,1,-1,-1,0,1,0,0,-1,1,1,1,0,0,108.26467526001402,0.9593550640130454,108.26467526001402,0.9593550640130454,IFFLP
1,1,-1,-1,0,1,0,0,0,0,0,0,0,0,0.0,0.0,0.0,0.0,IFFLP
1,1,-1,-1,0,1,0,0,1,0,0,0,0,0,0.0,0.0,0.0,0.0,IFFLP
1,1,-1,-1,0,1,0,1,-1,0,0,0,0,0,0.0,0.0,0.0,0.0,IFFLP
1,1,-1,-1,0,1,0,1,0,0,0,0,0,0,0.0,0.0,0.0,0.0,IFFLP
1,1,-1,-1,0,1,0,1,1,0,0,0,0,0,0.0,0.0,0.0,0.0,IFFLP
1,1,-1,-1,0,1,1,-1,-1,4,1,4,0,0,225.96860686413675,3.636423370611466,889.8485897500572,10.054436820231652,IFFLP
1,1,-1,-1,0,1,1,-1,0,6,1,6,0,0,12.554934107046678,1.8107536837466585,59.53993165662727,5.85427493817515,IFFLP
1,1,-1,-1,0,1,1,-1,1,5,1,5,0,0,90.26105630622692,8.61414607786592,434.7838586527908,25.037704830123037,IFFLP
1,1,-1,-1,0,1,1,0,-1,0,0,0,0,0,0.0,0.0,0.0,0.0,IFFLP
1,1,-1,-1,0,1,1,0,0,1,1,1,0,0,1.808644889197339,1.1214380073118173,1.808644889197339,1.1214380073118173,IFFLP
1,1,-1,-1,0,1,1,0,1,2,1,2,0,0,2.733976751480033,1.057789444079175,3.994428146420521,1.1453604162188855,IFFLP
1,1,-1,-1,0,1,1,1,-1,0,0,0,0,0,0.0,0.0,0.0,0.0,IFFLP
1,1,-1,-1,0,1,1,1,0,0,0,0,0,0,0.0,0.0,0.0,0.0,IFFLP
1,1,-1,-1,0,1,1,1,1,0,0,0,0,0,0.0,0.0,0.0,0.0,IFFLP
1,1,-1,-1,1,1,-1,-1,-1,7,1,7,0,0,4.780851664574163,1.6183681953219504,9.856108660924237,2.7795293711346014,Both
1,1,-1,-1,1,1,-1,-1,0,5,1,5,0,0,4.021085231353848,15.354419195459863,7.038535538671759,32.51814174155073,Both
1,1,-1,-1,1,1,-1,-1,1,6,1,6,0,0,75.10123741733105,31.42740324168426,411.39346915807835,124.12195290756323,Both
1,1,-1,-1,1,1,-1,0,-1,0,0,0,0,0,0.0,0.0,0.0,0.0,Both
1,1,-1,-1,1,1,-1,0,0,0,0,0,0,0,0.0,0.0,0.0,0.0,Both
1,1,-1,-1,1,1,-1,0,1,0,0,0,0,0,0.0,0.0,0.0,0.0,Both
1,1,-1,-1,1,1,-1,1,-1,1,1,1,0,0,3.3821954385413937,1.2083634053955516,3.3821954385413937,1.2083634053955516,Both
1,1,-1,-1,1,1,-1,1,0,0,0,0,0,0,0.0,0.0,0.0,0.0,Both
1,1,-1,-1,1,1,-1,1,1,0,0,0,0,0,0.0,0.0,0.0,0.0,Both
1,1,-1,-1,1,1,0,-1,-1,4,1,4,0,0,19.01732403446551,1.7457890738590587,65.51676215405752,3.4134868926586575,IFFLP
1,1,-1,-1,1,1,0,-1,0,7,1,7,0,0,4.693153008140833,4.51208544814172,19.520020976552537,14.05118322919257,IFFLP
1,1,-1,-1,1,1,0,-1,1,4,1,4,0,0,19.141114881269036,17.435772910352085,64.87589569017369,66.10693758547427,IFFLP
1,1,-1,-1,1,1,0,0,-1,0,0,0,0,0,0.0,0.0,0.0,0.0,IFFLP
1,1,-1,-1,1,1,0,0,0,0,0,0,0,0,0.0,0.0,0.0,0.0,IFFLP
1,1,-1,-1,1,1,0,0,1,1,1,1,0,0,2.5859937986440853,1.1653944292829979,2.5859937986440853,1.1653944292829979,IFFLP
1,1,-1,-1,1,1,0,1,-1,0,0,0,0,0,0.0,0.0,0.0,0.0,IFFLP
1,1,-1,-1,1,1,0,1,0,0,0,0,0,0,0.0,0.0,0.0,0.0,IFFLP
1,1,-1,-1,1,1,0,1,1,0,0,0,0,0,0.0,0.0,0.0,0.0,IFFLP
1,1,-1,-1,1,1,1,-1,-1,2,1,2,0,0,1.1621038476168992,0.9394027099820657,1.2276319888585696,0.9569226559290701,IFFLP
1,1,-1,-1,1,1,1,-1,0,3,1,3,0,0,1.6772412599376894,54.10107108075326,1.9880169428928076,144.20737796561798,IFFLP
1,1,-1,-1,1,1,1,-1,1,5,1,5,0,0,2.2800727593358134,5.5595710951593365,5.069253200528091,16.948361298419172,IFFLP
1,1,-1,-1,1,1,1,0,-1,0,0,0,0,0,0.0,0.0,0.0,0.0,IFFLP
1,1,-1,-1,1,1,1,0,0,0,0,0,0,0,0.0,0.0,0.0,0.0,IFFLP
1,1,-1,-1,1,1,1,0,1,0,0,0,0,0,0.0,0.0,0.0,0.0,IFFLP
1,1,-1,-1,1,1,1,1,-1,0,0,0,0,0,0.0,0.0,0.0,0.0,IFFLP
1,1,-1,-1,1,1,1,1,0,0,0,0,0,0,0.0,0.0,0.0,0.0,IFFLP
1,1,-1,-1,1,1,1,1,1,1,1,1,0,0,1.6157162046521445,1.0665870935538748,1.6157162046521445,1.0665870935538748,IFFLP
1,1,-1,0,-1,1,-1,-1,-1,1,1,1,0,0,80.9515543264629,3.5950245846904747,80.9515543264629,3.5950245846904747,Both
1,1,-1,0,-1,1,-1,-1,0,1,1,1,0,0,2.9490284957633053,3.7621870930203394,2.9490284957633053,3.7621870930203394,Both
1,1,-1,0,-1,1,-1,-1,1,0,0,0,0,0,0.0,0.0,0.0,0.0,Both
1,1,-1,0,-1,1,-1,0,-1,0,0,0,0,0,0.0,0.0,0.0,0.0,Both
1,1,-1,0,-1,1,-1,0,0,0,0,0,0,0,0.0,0.0,0.0,0.0,Both
1,1,-1,0,-1,1,-1,0,1,0,0,0,0,0,0.0,0.0,0.0,0.0,Both
1,1,-1,0,-1,1,-1,1,-1,0,0,0,0,0,0.0,0.0,0.0,0.0,Both
1,1,-1,0,-1,1,-1,1,0,0,0,0,0,0,0.0,0.0,0.0,0.0,Both
1,1,-1,0,-1,1,-1,1,1,0,0,0,0,0,0.0,0.0,0.0,0.0,Both
1,1,-1,0,-1,1,0,-1,-1,0,0,0,0,0,0.0,0.0,0.0,0.0,IFFLP
1,1,-1,0,-1,1,0,-1,0,0,0,0,0,0,0.0,0.0,0.0,0.0,IFFLP
1,1,-1,0,-1,1,0,-1,1,0,0,0,0,0,0.0,0.0,0.0,0.0,IFFLP
1,1,-1,0,-1,1,0,0,-1,0,0,0,0,0,0.0,0.0,0.0,0.0,IFFLP
1,1,-1,0,-1,1,0,0,0,0,0,0,0,0,0.0,0.0,0.0,0.0,IFFLP
1,1,-1,0,-1,1,0,0,1,0,0,0,0,0,0.0,0.0,0.0,0.0,IFFLP
1,1,-1,0,-1,1,0,1,-1,0,0,0,0,0,0.0,0.0,0.0,0.0,IFFLP
1,1,-1,0,-1,1,0,1,0,0,0,0,0,0,0.0,0.0,0.0,0.0,IFFLP
1,1,-1,0,-1,1,0,1,1,0,0,0,0,0,0.0,0.0,0.0,0.0,IFFLP
1,1,-1,0,-1,1,1,-1,-1,0,0,0,0,0,0.0,0.0,0.0,0.0,IFFLP
1,1,-1,0,-1,1,1,-1,0,0,0,0,0,0,0.0,0.0,0.0,0.0,IFFLP
1,1,-1,0,-1,1,1,-1,1,0,0,0,0,0,0.0,0.0,0.0,0.0,IFFLP
1,1,-1,0,-1,1,1,0,-1,0,0,0,0,0,0.0,0.0,0.0,0.0,IFFLP
1,1,-1,0,-1,1,1,0,0,0,0,0,0,0,0.0,0.0,0.0,0.0,IFFLP
1,1,-1,0,-1,1,1,0,1,0,0,0,0,0,0.0,0.0,0.0,0.0,IFFLP
1,1,-1,0,-1,1,1,1,-1,0,0,0,0,0,0.0,0.0,0.0,0.0,IFFLP
1,1,-1,0,-1,1,1,1,0,0,0,0,0,0,0.0,0.0,0.0,0.0,IFFLP
1,1,-1,0,-1,1,1,1,1,1,1,1,0,0,14.518386698664465,27.107797249448215,14.518386698664465,27.107797249448215,IFFLP
1,1,-1,0,0,1,-1,-1,-1,6,1,6,0,0,3.432366236985723,1.4002583270967088,7.126128113327383,2.38239838335586,Both
1,1,-1,0,0,1,-1,-1,0,0,0,0,0,0,0.0,0.0,0.0,0.0,Both
1,1,-1,0,0,1,-1,-1,1,0,0,0,0,0,0.0,0.0,0.0,0.0,Both
1,1,-1,0,0,1,-1,0,-1,0,0,0,0,0,0.0,0.0,0.0,0.0,Both
1,1,-1,0,0,1,-1,0,0,0,0,0,0,0,0.0,0.0,0.0,0.0,Both
1,1,-1,0,0,1,-1,0,1,0,0,0,0,0,0.0,0.0,0.0,0.0,Both
1,1,-1,0,0,1,-1,1,-1,0,0,0,0,0,0.0,0.0,0.0,0.0,Both
1,1,-1,0,0,1,-1,1,0,0,0,0,0,0,0.0,0.0,0.0,0.0,Both
1,1,-1,0,0,1,-1,1,1,0,0,0,0,0,0.0,0.0,0.0,0.0,Both
1,1,-1,0,0,1,0,-1,-1,0,0,0,0,0,0.0,0.0,0.0,0.0,IFFLP
1,1,-1,0,0,1,0,-1,0,0,0,0,0,0,0.0,0.0,0.0,0.0,IFFLP
1,1,-1,0,0,1,0,-1,1,0,0,0,0,0,0.0,0.0,0.0,0.0,IFFLP
1,1,-1,0,0,1,0,0,-1,0,0,0,0,0,0.0,0.0,0.0,0.0,IFFLP
1,1,-1,0,0,1,0,0,0,0,0,0,0,0,0.0,0.0,0.0,0.0,IFFLP
1,1,-1,0,0,1,0,0,1,0,0,0,0,0,0.0,0.0,0.0,0.0,IFFLP
1,1,-1,0,0,1,0,1,-1,0,0,0,0,0,0.0,0.0,0.0,0.0,IFFLP
1,1,-1,0,0,1,0,1,0,0,0,0,0,0,0.0,0.0,0.0,0.0,IFFLP
1,1,-1,0,0,1,0,1,1,0,0,0,0,0,0.0,0.0,0.0,0.0,IFFLP
1,1,-1,0,0,1,1,-1,-1,0,0,0,0,0,0.0,0.0,0.0,0.0,IFFLP
1,1,-1,0,0,1,1,-1,0,0,0,0,0,0,0.0,0.0,0.0,0.0,IFFLP
1,1,-1,0,0,1,1,-1,1,0,0,0,0,0,0.0,0.0,0.0,0.0,IFFLP
1,1,-1,0,0,1,1,0,-1,0,0,0,0,0,0.0,0.0,0.0,0.0,IFFLP
1,1,-1,0,0,1,1,0,0,0,0,0,0,0,0.0,0.0,0.0,0.0,IFFLP
1,1,-1,0,0,1,1,0,1,0,0,0,0,0,0.0,0.0,0.0,0.0,IFFLP
1,1,-1,0,0,1,1,1,-1,0,0,0,0,0,0.0,0.0,0.0,0.0,IFFLP
1,1,-1,0,0,1,1,1,0,0,0,0,0,0,0.0,0.0,0.0,0.0,IFFLP
1,1,-1,0,0,1,1,1,1,0,0,0,0,0,0.0,0.0,0.0,0.0,IFFLP
1,1,-1,0,1,1,-1,-1,-1,6,1,6,0,0,6.1610329313624375,40.51634775366296,24.26719618588831,226.2146755903291,Both
1,1,-1,0,1,1,-1,-1,0,1,1,1,0,0,2.593789810548012,2.0020025704005397,2.593789810548012,2.0020025704005397,Both
1,1,-1,0,1,1,-1,-1,1,0,0,0,0,0,0.0,0.0,0.0,0.0,Both
1,1,-1,0,1,1,-1,0,-1,0,0,0,0,0,0.0,0.0,0.0,0.0,Both
1,1,-1,0,1,1,-1,0,0,0,0,0,0,0,0.0,0.0,0.0,0.0,Both
1,1,-1,0,1,1,-1,0,1,0,0,0,0,0,0.0,0.0,0.0,0.0,Both
1,1,-1,0,1,1,-1,1,-1,0,0,0,0,0,0.0,0.0,0.0,0.0,Both
1,1,-1,0,1,1,-1,1,0,0,0,0,0,0,0.0,0.0,0.0,0.0,Both
1,1,-1,0,1,1,-1,1,1,0,0,0,0,0,0.0,0.0,0.0,0.0,Both
1,1,-1,0,1,1,0,-1,-1,0,0,0,0,0,0.0,0.0,0.0,0.0,IFFLP
1,1,-1,0,1,1,0,-1,0,2,1,2,0,0,3.2698241714083442,1.1119195502891048,4.495029385997885,1.23335814816029,IFFLP
1,1,-1,0,1,1,0,-1,1,0,0,0,0,0,0.0,0.0,0.0,0.0,IFFLP
1,1,-1,0,1,1,0,0,-1,0,0,0,0,0,0.0,0.0,0.0,0.0,IFFLP
1,1,-1,0,1,1,0,0,0,0,0,0,0,0,0.0,0.0,0.0,0.0,IFFLP
1,1,-1,0,1,1,0,0,1,0,0,0,0,0,0.0,0.0,0.0,0.0,IFFLP
1,1,-1,0,1,1,0,1,-1,0,0,0,0,0,0.0,0.0,0.0,0.0,IFFLP
1,1,-1,0,1,1,0,1,0,0,0,0,0,0,0.0,0.0,0.0,0.0,IFFLP
1,1,-1,0,1,1,0,1,1,0,0,0,0,0,0.0,0.0,0.0,0.0,IFFLP
1,1,-1,0,1,1,1,-1,-1,0,0,0,0,0,0.0,0.0,0.0,0.0,IFFLP
1,1,-1,0,1,1,1,-1,0,0,0,0,0,0,0.0,0.0,0.0,0.0,IFFLP
1,1,-1,0,1,1,1,-1,1,2,1,2,0,0,2.957631749349146,84.21292554600383,4.397124694471186,165.56237100483986,IFFLP
1,1,-1,0,1,1,1,0,-1,0,0,0,0,0,0.0,0.0,0.0,0.0,IFFLP
1,1,-1,0,1,1,1,0,0,0,0,0,0,0,0.0,0.0,0.0,0.0,IFFLP
1,1,-1,0,1,1,1,0,1,0,0,0,0,0,0.0,0.0,0.0,0.0,IFFLP
1,1,-1,0,1,1,1,1,-1,0,0,0,0,0,0.0,0.0,0.0,0.0,IFFLP
1,1,-1,0,1,1,1,1,0,0,0,0,0,0,0.0,0.0,0.0,0.0,IFFLP
1,1,-1,0,1,1,1,1,1,0,0,0,0,0,0.0,0.0,0.0,0.0,IFFLP
1,1,-1,1,-1,1,-1,-1,-1,2,1,2,0,0,42.71633510749254,1.5979019438502506,81.04743378332786,2.1370553691126966,Both
1,1,-1,1,-1,1,-1,-1,0,0,0,0,0,0,0.0,0.0,0.0,0.0,Both
1,1,-1,1,-1,1,-1,-1,1,0,0,0,0,0,0.0,0.0,0.0,0.0,Both
1,1,-1,1,-1,1,-1,0,-1,0,0,0,0,0,0.0,0.0,0.0,0.0,Both
1,1,-1,1,-1,1,-1,0,0,0,0,0,0,0,0.0,0.0,0.0,0.0,Both
1,1,-1,1,-1,1,-1,0,1,0,0,0,0,0,0.0,0.0,0.0,0.0,Both
1,1,-1,1,-1,1,-1,1,-1,0,0,0,0,0,0.0,0.0,0.0,0.0,Both
1,1,-1,1,-1,1,-1,1,0,0,0,0,0,0,0.0,0.0,0.0,0.0,Both
1,1,-1,1,-1,1,-1,1,1,0,0,0,0,0,0.0,0.0,0.0,0.0,Both
1,1,-1,1,-1,1,0,-1,-1,0,0,0,0,0,0.0,0.0,0.0,0.0,IFFLP
1,1,-1,1,-1,1,0,-1,0,0,0,0,0,0,0.0,0.0,0.0,0.0,IFFLP
1,1,-1,1,-1,1,0,-1,1,0,0,0,0,0,0.0,0.0,0.0,0.0,IFFLP
1,1,-1,1,-1,1,0,0,-1,0,0,0,0,0,0.0,0.0,0.0,0.0,IFFLP
1,1,-1,1,-1,1,0,0,0,0,0,0,0,0,0.0,0.0,0.0,0.0,IFFLP
1,1,-1,1,-1,1,0,0,1,0,0,0,0,0,0.0,0.0,0.0,0.0,IFFLP
1,1,-1,1,-1,1,0,1,-1,0,0,0,0,0,0.0,0.0,0.0,0.0,IFFLP
1,1,-1,1,-1,1,0,1,0,0,0,0,0,0,0.0,0.0,0.0,0.0,IFFLP
1,1,-1,1,-1,1,0,1,1,0,0,0,0,0,0.0,0.0,0.0,0.0,IFFLP
1,1,-1,1,-1,1,1,-1,-1,0,0,0,0,0,0.0,0.0,0.0,0.0,IFFLP
1,1,-1,1,-1,1,1,-1,0,0,0,0,0,0,0.0,0.0,0.0,0.0,IFFLP
1,1,-1,1,-1,1,1,-1,1,1,1,1,0,0,14.500828615507576,15.056808059016292,14.500828615507576,15.056808059016292,IFFLP
1,1,-1,1,-1,1,1,0,-1,0,0,0,0,0,0.0,0.0,0.0,0.0,IFFLP
1,1,-1,1,-1,1,1,0,0,0,0,0,0,0,0.0,0.0,0.0,0.0,IFFLP
1,1,-1,1,-1,1,1,0,1,0,0,0,0,0,0.0,0.0,0.0,0.0,IFFLP
1,1,-1,1,-1,1,1,1,-1,0,0,0,0,0,0.0,0.0,0.0,0.0,IFFLP
1,1,-1,1,-1,1,1,1,0,0,0,0,0,0,0.0,0.0,0.0,0.0,IFFLP
1,1,-1,1,-1,1,1,1,1,0,0,0,0,0,0.0,0.0,0.0,0.0,IFFLP
1,1,-1,1,0,1,-1,-1,-1,0,0,0,0,0,0.0,0.0,0.0,0.0,Both
1,1,-1,1,0,1,-1,-1,0,0,0,0,0,0,0.0,0.0,0.0,0.0,Both
1,1,-1,1,0,1,-1,-1,1,0,0,0,0,0,0.0,0.0,0.0,0.0,Both
1,1,-1,1,0,1,-1,0,-1,0,0,0,0,0,0.0,0.0,0.0,0.0,Both
1,1,-1,1,0,1,-1,0,0,0,0,0,0,0,0.0,0.0,0.0,0.0,Both
1,1,-1,1,0,1,-1,0,1,0,0,0,0,0,0.0,0.0,0.0,0.0,Both
1,1,-1,1,0,1,-1,1,-1,0,0,0,0,0,0.0,0.0,0.0,0.0,Both
1,1,-1,1,0,1,-1,1,0,0,0,0,0,0,0.0,0.0,0.0,0.0,Both
1,1,-1,1,0,1,-1,1,1,0,0,0,0,0,0.0,0.0,0.0,0.0,Both
1,1,-1,1,0,1,0,-1,-1,0,0,0,0,0,0.0,0.0,0.0,0.0,IFFLP
1,1,-1,1,0,1,0,-1,0,0,0,0,0,0,0.0,0.0,0.0,0.0,IFFLP
1,1,-1,1,0,1,0,-1,1,0,0,0,0,0,0.0,0.0,0.0,0.0,IFFLP
1,1,-1,1,0,1,0,0,-1,0,0,0,0,0,0.0,0.0,0.0,0.0,IFFLP
1,1,-1,1,0,1,0,0,0,0,0,0,0,0,0.0,0.0,0.0,0.0,IFFLP
1,1,-1,1,0,1,0,0,1,0,0,0,0,0,0.0,0.0,0.0,0.0,IFFLP
1,1,-1,1,0,1,0,1,-1,0,0,0,0,0,0.0,0.0,0.0,0.0,IFFLP
1,1,-1,1,0,1,0,1,0,0,0,0,0,0,0.0,0.0,0.0,0.0,IFFLP
1,1,-1,1,0,1,0,1,1,0,0,0,0,0,0.0,0.0,0.0,0.0,IFFLP
1,1,-1,1,0,1,1,-1,-1,0,0,0,0,0,0.0,0.0,0.0,0.0,IFFLP
1,1,-1,1,0,1,1,-1,0,0,0,0,0,0,0.0,0.0,0.0,0.0,IFFLP
1,1,-1,1,0,1,1,-1,1,0,0,0,0,0,0.0,0.0,0.0,0.0,IFFLP
1,1,-1,1,0,1,1,0,-1,0,0,0,0,0,0.0,0.0,0.0,0.0,IFFLP
1,1,-1,1,0,1,1,0,0,0,0,0,0,0,0.0,0.0,0.0,0.0,IFFLP
1,1,-1,1,0,1,1,0,1,0,0,0,0,0,0.0,0.0,0.0,0.0,IFFLP
1,1,-1,1,0,1,1,1,-1,0,0,0,0,0,0.0,0.0,0.0,0.0,IFFLP
1,1,-1,1,0,1,1,1,0,0,0,0,0,0,0.0,0.0,0.0,0.0,IFFLP
1,1,-1,1,0,1,1,1,1,1,1,1,0,0,1.0526996143970802,1.7751225311751264,1.0526996143970802,1.7751225311751264,IFFLP
1,1,-1,1,1,1,-1,-1,-1,2,1,2,0,0,2.3986801471319494,3.5408239684497445,2.5146707542415085,5.457115716700517,Both
1,1,-1,1,1,1,-1,-1,0,2,1,2,0,0,1.741861730050199,1.5197535824230122,2.1607999720002526,2.0629817553244654,Both
1,1,-1,1,1,1,-1,-1,1,2,1,2,0,0,1.502144724171096,3.1446131289949992,1.82366436212592,5.250204005271225,Both
1,1,-1,1,1,1,-1,0,-1,0,0,0,0,0,0.0,0.0,0.0,0.0,Both
1,1,-1,1,1,1,-1,0,0,0,0,0,0,0,0.0,0.0,0.0,0.0,Both
1,1,-1,1,1,1,-1,0,1,0,0,0,0,0,0.0,0.0,0.0,0.0,Both
1,1,-1,1,1,1,-1,1,-1,0,0,0,0,0,0.0,0.0,0.0,0.0,Both
1,1,-1,1,1,1,-1,1,0,0,0,0,0,0,0.0,0.0,0.0,0.0,Both
1,1,-1,1,1,1,-1,1,1,0,0,0,0,0,0.0,0.0,0.0,0.0,Both
1,1,-1,1,1,1,0,-1,-1,0,0,0,0,0,0.0,0.0,0.0,0.0,IFFLP
1,1,-1,1,1,1,0,-1,0,0,0,0,0,0,0.0,0.0,0.0,0.0,IFFLP
1,1,-1,1,1,1,0,-1,1,2,1,2,0,0,3.0774251415746345,1.9237683438481428,4.543080505251286,2.834402407315245,IFFLP
1,1,-1,1,1,1,0,0,-1,0,0,0,0,0,0.0,0.0,0.0,0.0,IFFLP
1,1,-1,1,1,1,0,0,0,0,0,0,0,0,0.0,0.0,0.0,0.0,IFFLP
1,1,-1,1,1,1,0,0,1,0,0,0,0,0,0.0,0.0,0.0,0.0,IFFLP
1,1,-1,1,1,1,0,1,-1,0,0,0,0,0,0.0,0.0,0.0,0.0,IFFLP
1,1,-1,1,1,1,0,1,0,0,0,0,0,0,0.0,0.0,0.0,0.0,IFFLP
1,1,-1,1,1,1,0,1,1,0,0,0,0,0,0.0,0.0,0.0,0.0,IFFLP
1,1,-1,1,1,1,1,-1,-1,0,0,0,0,0,0.0,0.0,0.0,0.0,IFFLP
1,1,-1,1,1,1,1,-1,0,2,1,2,0,0,2.142052359332924,1.167036176484174,2.801689714559125,1.1968894840261721,IFFLP
1,1,-1,1,1,1,1,-1,1,0,0,0,0,0,0.0,0.0,0.0,0.0,IFFLP
1,1,-1,1,1,1,1,0,-1,0,0,0,0,0,0.0,0.0,0.0,0.0,IFFLP
1,1,-1,1,1,1,1,0,0,0,0,0,0,0,0.0,0.0,0.0,0.0,IFFLP
1,1,-1,1,1,1,1,0,1,0,0,0,0,0,0.0,0.0,0.0,0.0,IFFLP
1,1,-1,1,1,1,1,1,-1,0,0,0,0,0,0.0,0.0,0.0,0.0,IFFLP
1,1,-1,1,1,1,1,1,0,0,0,0,0,0,0.0,0.0,0.0,0.0,IFFLP
1,1,-1,1,1,1,1,1,1,0,0,0,0,0,0.0,0.0,0.0,0.0,IFFLP
1,1,1,-1,-1,-1,-1,-1,-1,2,1,2,0,0,1.4694139438169818,0.9887663970347442,1.5203297570392196,1.008332168060862,Both
1,1,1,-1,-1,-1,-1,-1,0,2,1,2,0,0,4.468839395748443,1.5908576496938818,6.030137365089509,1.616923694716664,Both
1,1,1,-1,-1,-1,-1,-1,1,0,0,0,0,0,0.0,0.0,0.0,0.0,Both
1,1,1,-1,-1,-1,-1,0,-1,3,1,3,0,0,5.434723941632988,15.71429058115347,9.545388167147877,40.63776364775362,Both
1,1,1,-1,-1,-1,-1,0,0,2,1,2,0,0,4.306564467195612,0.9326593992549819,7.590240671050549,0.9650553050099308,Both
1,1,1,-1,-1,-1,-1,0,1,3,1,3,0,0,106.45501366917517,2.0098230123085252,230.46859274962998,4.130342792372876,Both
1,1,1,-1,-1,-1,-1,1,-1,1,1,1,0,0,100.43852771045833,7.861832093490078,100.43852771045833,7.861832093490078,Both
1,1,1,-1,-1,-1,-1,1,0,2,1,2,0,0,508.74407608478305,33.778240040624034,944.248975871213,66.60511931227158,Both
1,1,1,-1,-1,-1,-1,1,1,0,0,0,0,0,0.0,0.0,0.0,0.0,Both
1,1,1,-1,-1,-1,0,-1,-1,1,1,1,0,0,6.06182882684643,1.51987843756262,6.06182882684643,1.51987843756262,Both
1,1,1,-1,-1,-1,0,-1,0,1,1,1,0,0,2.558883404881769,1.4001653993030134,2.558883404881769,1.4001653993030134,Both
1,1,1,-1,-1,-1,0,-1,1,3,1,3,0,0,32.47604139130055,1.0582842364756246,94.8263019350625,1.3147711347986668,Both
1,1,1,-1,-1,-1,0,0,-1,0,0,0,0,0,0.0,0.0,0.0,0.0,IFFLP
1,1,1,-1,-1,-1,0,0,0,0,0,0,0,0,0.0,0.0,0.0,0.0,IFFLP
1,1,1,-1,-1,-1,0,0,1,0,0,0,0,0,0.0,0.0,0.0,0.0,IFFLP
1,1,1,-1,-1,-1,0,1,-1,1,1,1,0,0,70.23293019745715,0.9513569400865417,70.23293019745715,0.9513569400865417,Both
1,1,1,-1,-1,-1,0,1,0,3,1,3,0,0,25.747447409939298,11.33087244204364,67.34640580032323,20.3550461908186,Both
1,1,1,-1,-1,-1,0,1,1,2,1,2,0,0,2.8015170425007945,6.296167105123841,4.591890715126247,11.622298950252041,Both
1,1,1,-1,-1,-1,1,-1,-1,0,0,0,0,0,0.0,0.0,0.0,0.0,Both
1,1,1,-1,-1,-1,1,-1,0,1,1,1,0,0,88.7734548871993,0.9545164245247041,88.7734548871993,0.9545164245247041,Both
1,1,1,-1,-1,-1,1,-1,1,0,0,0,0,0,0.0,0.0,0.0,0.0,Both
1,1,1,-1,-1,-1,1,0,-1,3,1,3,0,0,26.990287331368222,1.0185200896360038,78.20771792981174,1.0996988375434509,IFFLP
1,1,1,-1,-1,-1,1,0,0,1,1,1,0,0,7.684079245115163,10.117708726618972,7.684079245115163,10.117708726618972,IFFLP
1,1,1,-1,-1,-1,1,0,1,2,1,2,0,0,2.4087384803432754,0.9569623943044667,3.5589142372294353,0.991002142585135,IFFLP
1,1,1,-1,-1,-1,1,1,-1,1,1,1,0,0,26.405067932383524,1.8482241250121572,26.405067932383524,1.8482241250121572,Both
1,1,1,-1,-1,-1,1,1,0,0,0,0,0,0,0.0,0.0,0.0,0.0,Both
1,1,1,-1,-1,-1,1,1,1,2,1,2,0,0,8.444813401263795,1.100189036571256,8.957459577968638,1.1003852095280542,Both
1,1,1,-1,0,-1,-1,-1,-1,0,0,0,0,0,0.0,0.0,0.0,0.0,Both
1,1,1,-1,0,-1,-1,-1,0,3,1,3,0,0,3.2845094062635183,1.980610573115807,7.631857287529684,3.875585505491081,Both
1,1,1,-1,0,-1,-1,-1,1,0,0,0,0,0,0.0,0.0,0.0,0.0,Both
1,1,1,-1,0,-1,-1,0,-1,7,1,7,0,0,38.39011532574183,1.1873843555385901,235.1493219012767,1.9120730477321568,Both
1,1,1,-1,0,-1,-1,0,0,8,1,8,0,0,5.257546665335217,1.1011659377350176,23.856247038541895,1.2667329210386673,Both
1,1,1,-1,0,-1,-1,0,1,2,1,2,0,0,1.0095481078911956,1.0534011796284113,1.0136822752144703,1.20242051760451,Both
1,1,1,-1,0,-1,-1,1,-1,4,1,4,0,0,1.9409737631041084,1.143674084051774,3.0350491129832786,1.7130891650434845,Both
1,1,1,-1,0,-1,-1,1,0,7,1,7,0,0,2.5912427295143563,1.3411390321753256,8.409062225957529,3.161545784988551,Both
1,1,1,-1,0,-1,-1,1,1,3,1,3,0,0,16.616031834070302,0.9632156319733999,41.27704078036292,1.0365704762072243,Both
1,1,1,-1,0,-1,0,-1,-1,2,1,2,0,0,1.1267985145281858,2.3528860718001945,1.2438046457529601,3.5553791205977925,Both
1,1,1,-1,0,-1,0,-1,0,1,1,1,0,0,69.36357866591746,1.4045708931143153,69.36357866591746,1.4045708931143153,Both
1,1,1,-1,0,-1,0,-1,1,0,0,0,0,0,0.0,0.0,0.0,0.0,Both
1,1,1,-1,0,-1,0,0,-1,5,1,5,0,0,2.525375349046002,1.0559730818370665,4.64578228626937,1.2050472850122054,IFFLP
1,1,1,-1,0,-1,0,0,0,7,1,7,0,0,1.988944456613347,1.180300427645527,2.95346940111498,1.591914834725181,IFFLP
1,1,1,-1,0,-1,0,0,1,2,1,2,0,0,1.3988684863429066,1.0760676010316028,1.5019329548782108,1.1342529194927484,IFFLP
1,1,1,-1,0,-1,0,1,-1,6,1,6,0,0,3.3968820077045745,10.03437322785607,8.725297045780344,54.55993159621743,Both
1,1,1,-1,0,-1,0,1,0,5,1,5,0,0,1.4972680608338296,2.225220267789809,2.699978740227695,6.408515494706414,Both
1,1,1,-1,0,-1,0,1,1,1,1,1,0,0,116.27125835622854,1.1859780003586136,116.27125835622854,1.1859780003586136,Both
1,1,1,-1,0,-1,1,-1,-1,0,0,0,0,0,0.0,0.0,0.0,0.0,Both
1,1,1,-1,0,-1,1,-1,0,0,0,0,0,0,0.0,0.0,0.0,0.0,Both
1,1,1,-1,0,-1,1,-1,1,0,0,0,0,0,0.0,0.0,0.0,0.0,Both
1,1,1,-1,0,-1,1,0,-1,8,1,8,0,0,105.85289218117221,2.1203564642743977,828.0998029307761,9.901894862007024,IFFLP
1,1,1,-1,0,-1,1,0,0,5,1,5,0,0,1.732624849239795,0.9922508614671681,3.5235768789258644,1.0838218415205894,IFFLP
1,1,1,-1,0,-1,1,0,1,2,1,2,0,0,84.69659677773224,1.360847520375943,166.3439890612955,1.510275619582893,IFFLP
1,1,1,-1,0,-1,1,1,-1,1,1,1,0,0,220.45093321106182,0.932085045757985,220.45093321106182,0.932085045757985,Both
1,1,1,-1,0,-1,1,1,0,3,1,3,0,0,45.27644857408939,1.1163959147474476,115.7071113039067,1.1827681216257244,Both
1,1,1,-1,0,-1,1,1,1,3,1,3,0,0,3.092668651202293,1.2439222069288798,4.531595241194379,1.7499332899452527,Both
1,1,1,-1,1,-1,-1,-1,-1,0,0,0,0,0,0.0,0.0,0.0,0.0,Both
1,1,1,-1,1,-1,-1,-1,0,1,1,1,0,0,1.0282872126562577,2.959181736642729,1.0282872126562577,2.959181736642729,Both
1,1,1,-1,1,-1,-1,-1,1,0,0,0,0,0,0.0,0.0,0.0,0.0,Both
1,1,1,-1,1,-1,-1,0,-1,2,1,2,0,0,1.6146445396313038,1.6938684181587327,2.0349461510663867,2.372779978978627,Both
1,1,1,-1,1,-1,-1,0,0,2,1,2,0,0,1.9908863451534593,1.101473619703425,2.0808430698729734,1.2658227587615993,Both
1,1,1,-1,1,-1,-1,0,1,1,1,1,0,0,1.0363601935186746,1.0955870214875572,1.0363601935186746,1.0955870214875572,Both
1,1,1,-1,1,-1,-1,1,-1,4,1,4,0,0,9.06038742593926,1.2471056653265107,30.72478587148889,1.7526246276274284,Both
1,1,1,-1,1,-1,-1,1,0,1,1,1,0,0,2.354833414532688,1.080317749406148,2.354833414532688,1.080317749406148,Both
1,1,1,-1,1,-1,-1,1,1,2,1,2,0,0,1.914191419375039,4.624770144401403,2.82476360466678,8.240466645856241,Both
1,1,1,-1,1,-1,0,-1,-1,0,0,0,0,0,0.0,0.0,0.0,0.0,Both
1,1,1,-1,1,-1,0,-1,0,0,0,0,0,0,0.0,0.0,0.0,0.0,Both
1,1,1,-1,1,-1,0,-1,1,0,0,0,0,0,0.0,0.0,0.0,0.0,Both
1,1,1,-1,1,-1,0,0,-1,1,1,1,0,0,1.1370959811604018,1.6694418766516772,1.1370959811604018,1.6694418766516772,IFFLP
1,1,1,-1,1,-1,0,0,0,1,1,1,0,0,1.4300984879647183,0.9397246371783271,1.4300984879647183,0.9397246371783271,IFFLP
1,1,1,-1,1,-1,0,0,1,0,0,0,0,0,0.0,0.0,0.0,0.0,IFFLP
1,1,1,-1,1,-1,0,1,-1,0,0,0,0,0,0.0,0.0,0.0,0.0,Both
1,1,1,-1,1,-1,0,1,0,2,1,2,0,0,3.7203969813447744,5.3879919899932815,5.972712645928243,9.781216326158615,Both
1,1,1,-1,1,-1,0,1,1,1,1,1,0,0,2.7710261144546764,0.9560560900814649,2.7710261144546764,0.9560560900814649,Both
1,1,1,-1,1,-1,1,-1,-1,0,0,0,0,0,0.0,0.0,0.0,0.0,Both
1,1,1,-1,1,-1,1,-1,0,0,0,0,0,0,0.0,0.0,0.0,0.0,Both
1,1,1,-1,1,-1,1,-1,1,0,0,0,0,0,0.0,0.0,0.0,0.0,Both
1,1,1,-1,1,-1,1,0,-1,2,1,2,0,0,1.3056311762473007,1.1165528534599847,1.355129167947187,1.1573490442177945,IFFLP
1,1,1,-1,1,-1,1,0,0,0,0,0,0,0,0.0,0.0,0.0,0.0,IFFLP
1,1,1,-1,1,-1,1,0,1,1,1,1,0,0,2.935854021900027,0.9683289406207978,2.935854021900027,0.9683289406207978,IFFLP
1,1,1,-1,1,-1,1,1,-1,0,0,0,0,0,0.0,0.0,0.0,0.0,Both
1,1,1,-1,1,-1,1,1,0,3,1,3,0,0,2.262670303319316,1.011195295582274,3.0158660960741153,1.162291177449287,Both
1,1,1,-1,1,-1,1,1,1,0,0,0,0,0,0.0,0.0,0.0,0.0,Both
1,1,1,0,-1,-1,-1,-1,-1,0,0,0,0,0,0.0,0.0,0.0,0.0,Both
1,1,1,0,-1,-1,-1,-1,0,0,0,0,0,0,0.0,0.0,0.0,0.0,Both
1,1,1,0,-1,-1,-1,-1,1,0,0,0,0,0,0.0,0.0,0.0,0.0,Both
1,1,1,0,-1,-1,-1,0,-1,0,0,0,0,0,0.0,0.0,0.0,0.0,Both
1,1,1,0,-1,-1,-1,0,0,0,0,0,0,0,0.0,0.0,0.0,0.0,Both
1,1,1,0,-1,-1,-1,0,1,0,0,0,0,0,0.0,0.0,0.0,0.0,Both
1,1,1,0,-1,-1,-1,1,-1,2,1,2,0,0,1.6088237167700785,1.032154560282426,1.9679964873600344,1.149978471392643,Both
1,1,1,0,-1,-1,-1,1,0,1,1,1,0,0,2.065848511126791,10.508327200172598,2.065848511126791,10.508327200172598,Both
1,1,1,0,-1,-1,-1,1,1,2,1,2,0,0,3.8002311811764207,7.691109180085807,6.5960208842396675,11.011636293167392,Both
1,1,1,0,-1,-1,0,-1,-1,0,0,0,0,0,0.0,0.0,0.0,0.0,Both
1,1,1,0,-1,-1,0,-1,0,0,0,0,0,0,0.0,0.0,0.0,0.0,Both
1,1,1,0,-1,-1,0,-1,1,0,0,0,0,0,0.0,0.0,0.0,0.0,Both
1,1,1,0,-1,-1,0,0,-1,0,0,0,0,0,0.0,0.0,0.0,0.0,IFFLP
1,1,1,0,-1,-1,0,0,0,1,1,1,0,0,1.123641443903502,0.9501291378541215,1.123641443903502,0.9501291378541215,IFFLP
1,1,1,0,-1,-1,0,0,1,0,0,0,0,0,0.0,0.0,0.0,0.0,IFFLP
1,1,1,0,-1,-1,0,1,-1,1,1,1,0,0,1.2730618483871714,0.9429748109586478,1.2730618483871714,0.9429748109586478,Both
1,1,1,0,-1,-1,0,1,0,0,0,0,0,0,0.0,0.0,0.0,0.0,Both
1,1,1,0,-1,-1,0,1,1,0,0,0,0,0,0.0,0.0,0.0,0.0,Both
1,1,1,0,-1,-1,1,-1,-1,0,0,0,0,0,0.0,0.0,0.0,0.0,Both
1,1,1,0,-1,-1,1,-1,0,0,0,0,0,0,0.0,0.0,0.0,0.0,Both
1,1,1,0,-1,-1,1,-1,1,0,0,0,0,0,0.0,0.0,0.0,0.0,Both
1,1,1,0,-1,-1,1,0,-1,0,0,0,0,0,0.0,0.0,0.0,0.0,IFFLP
1,1,1,0,-1,-1,1,0,0,0,0,0,0,0,0.0,0.0,0.0,0.0,IFFLP
1,1,1,0,-1,-1,1,0,1,1,1,1,0,0,1.1848582387350084,0.9943980087461249,1.1848582387350084,0.9943980087461249,IFFLP
1,1,1,0,-1,-1,1,1,-1,0,0,0,0,0,0.0,0.0,0.0,0.0,Both
1,1,1,0,-1,-1,1,1,0,0,0,0,0,0,0.0,0.0,0.0,0.0,Both
1,1,1,0,-1,-1,1,1,1,1,1,1,0,0,2.498138524973683,325.944254013144,2.498138524973683,325.944254013144,Both
1,1,1,0,0,-1,-1,-1,-1,0,0,0,0,0,0.0,0.0,0.0,0.0,Both
1,1,1,0,0,-1,-1,-1,0,0,0,0,0,0,0.0,0.0,0.0,0.0,Both
1,1,1,0,0,-1,-1,-1,1,1,1,1,0,0,1.2760250340528558,1.083004249137941,1.2760250340528558,1.083004249137941,Both
1,1,1,0,0,-1,-1,0,-1,0,0,0,0,0,0.0,0.0,0.0,0.0,Both
1,1,1,0,0,-1,-1,0,0,0,0,0,0,0,0.0,0.0,0.0,0.0,Both
1,1,1,0,0,-1,-1,0,1,0,0,0,0,0,0.0,0.0,0.0,0.0,Both
1,1,1,0,0,-1,-1,1,-1,0,0,0,0,0,0.0,0.0,0.0,0.0,Both
1,1,1,0,0,-1,-1,1,0,0,0,0,0,0,0.0,0.0,0.0,0.0,Both
1,1,1,0,0,-1,-1,1,1,0,0,0,0,0,0.0,0.0,0.0,0.0,Both
1,1,1,0,0,-1,0,-1,-1,1,1,1,0,0,1.478886185180035,1.1914654295402045,1.478886185180035,1.1914654295402045,Both
1,1,1,0,0,-1,0,-1,0,0,0,0,0,0,0.0,0.0,0.0,0.0,Both
1,1,1,0,0,-1,0,-1,1,0,0,0,0,0,0.0,0.0,0.0,0.0,Both
1,1,1,0,0,-1,0,0,-1,1,1,1,0,0,1.6661848281035072,1.1550588268485806,1.6661848281035072,1.1550588268485806,IFFLP
1,1,1,0,0,-1,0,0,0,0,0,0,0,0,0.0,0.0,0.0,0.0,IFFLP
1,1,1,0,0,-1,0,0,1,1,1,1,0,0,3.9889638916763803,1.852508040379936,3.9889638916763803,1.852508040379936,IFFLP
1,1,1,0,0,-1,0,1,-1,0,0,0,0,0,0.0,0.0,0.0,0.0,Both
1,1,1,0,0,-1,0,1,0,1,1,1,0,0,2.336812865201578,1.3003719271459544,2.336812865201578,1.3003719271459544,Both
1,1,1,0,0,-1,0,1,1,1,1,1,0,0,2.9919583890372445,1.0501549110975246,2.9919583890372445,1.0501549110975246,Both
1,1,1,0,0,-1,1,-1,-1,0,0,0,0,0,0.0,0.0,0.0,0.0,Both
1,1,1,0,0,-1,1,-1,0,0,0,0,0,0,0.0,0.0,0.0,0.0,Both
1,1,1,0,0,-1,1,-1,1,0,0,0,0,0,0.0,0.0,0.0,0.0,Both
1,1,1,0,0,-1,1,0,-1,1,1,1,0,0,6.494177669620646,1.0318839338725119,6.494177669620646,1.0318839338725119,IFFLP
1,1,1,0,0,-1,1,0,0,1,1,1,0,0,3.43414818682372,1.7808270278211176,3.43414818682372,1.7808270278211176,IFFLP
1,1,1,0,0,-1,1,0,1,2,1,2,0,0,3.3052182711780747,2.3030811361834416,4.839191207417054,3.523259607094691,IFFLP
1,1,1,0,0,-1,1,1,-1,0,0,0,0,0,0.0,0.0,0.0,0.0,Both
1,1,1,0,0,-1,1,1,0,1,1,1,0,0,3.3322708099697618,1.0473570119379652,3.3322708099697618,1.0473570119379652,Both
1,1,1,0,0,-1,1,1,1,0,0,0,0,0,0.0,0.0,0.0,0.0,Both
1,1,1,0,1,-1,-1,-1,-1,0,0,0,0,0,0.0,0.0,0.0,0.0,Both
1,1,1,0,1,-1,-1,-1,0,2,1,2,0,0,2.903610478198402,1.9033569632515284,3.580491133429682,2.850795337672617,Both
1,1,1,0,1,-1,-1,-1,1,0,0,0,0,0,0.0,0.0,0.0,0.0,Both
1,1,1,0,1,-1,-1,0,-1,0,0,0,0,0,0.0,0.0,0.0,0.0,Both
1,1,1,0,1,-1,-1,0,0,0,0,0,0,0,0.0,0.0,0.0,0.0,Both
1,1,1,0,1,-1,-1,0,1,0,0,0,0,0,0.0,0.0,0.0,0.0,Both
1,1,1,0,1,-1,-1,1,-1,0,0,0,0,0,0.0,0.0,0.0,0.0,Both
1,1,1,0,1,-1,-1,1,0,1,1,1,0,0,1.5060140971782852,4.0074003169374555,1.5060140971782852,4.0074003169374555,Both
1,1,1,0,1,-1,-1,1,1,0,0,0,0,0,0.0,0.0,0.0,0.0,Both
1,1,1,0,1,-1,0,-1,-1,0,0,0,0,0,0.0,0.0,0.0,0.0,Both
1,1,1,0,1,-1,0,-1,0,0,0,0,0,0,0.0,0.0,0.0,0.0,Both
1,1,1,0,1,-1,0,-1,1,0,0,0,0,0,0.0,0.0,0.0,0.0,Both
1,1,1,0,1,-1,0,0,-1,0,0,0,0,0,0.0,0.0,0.0,0.0,IFFLP
1,1,1,0,1,-1,0,0,0,0,0,0,0,0,0.0,0.0,0.0,0.0,IFFLP
1,1,1,0,1,-1,0,0,1,0,0,0,0,0,0.0,0.0,0.0,0.0,IFFLP
1,1,1,0,1,-1,0,1,-1,0,0,0,0,0,0.0,0.0,0.0,0.0,Both
1,1,1,0,1,-1,0,1,0,0,0,0,0,0,0.0,0.0,0.0,0.0,Both
1,1,1,0,1,-1,0,1,1,0,0,0,0,0,0.0,0.0,0.0,0.0,Both
1,1,1,0,1,-1,1,-1,-1,0,0,0,0,0,0.0,0.0,0.0,0.0,Both
1,1,1,0,1,-1,1,-1,0,0,0,0,0,0,0.0,0.0,0.0,0.0,Both
1,1,1,0,1,-1,1,-1,1,0,0,0,0,0,0.0,0.0,0.0,0.0,Both
1,1,1,0,1,-1,1,0,-1,0,0,0,0,0,0.0,0.0,0.0,0.0,IFFLP
1,1,1,0,1,-1,1,0,0,0,0,0,0,0,0.0,0.0,0.0,0.0,IFFLP
1,1,1,0,1,-1,1,0,1,0,0,0,0,0,0.0,0.0,0.0,0.0,IFFLP
1,1,1,0,1,-1,1,1,-1,0,0,0,0,0,0.0,0.0,0.0,0.0,Both
1,1,1,0,1,-1,1,1,0,0,0,0,0,0,0.0,0.0,0.0,0.0,Both
1,1,1,0,1,-1,1,1,1,0,0,0,0,0,0.0,0.0,0.0,0.0,Both
1,1,1,1,-1,-1,-1,-1,-1,1,1,1,0,0,1.7518159278950716,5.359352791897481,1.7518159278950716,5.359352791897481,Both
1,1,1,1,-1,-1,-1,-1,0,0,0,0,0,0,0.0,0.0,0.0,0.0,Both
1,1,1,1,-1,-1,-1,-1,1,0,0,0,0,0,0.0,0.0,0.0,0.0,Both
1,1,1,1,-1,-1,-1,0,-1,0,0,0,0,0,0.0,0.0,0.0,0.0,Both
1,1,1,1,-1,-1,-1,0,0,1,1,1,0,0,3.641572584848466,11.231584865333868,3.641572584848466,11.231584865333868,Both
1,1,1,1,-1,-1,-1,0,1,0,0,0,0,0,0.0,0.0,0.0,0.0,Both
1,1,1,1,-1,-1,-1,1,-1,0,0,0,0,0,0.0,0.0,0.0,0.0,Both
1,1,1,1,-1,-1,-1,1,0,0,0,0,0,0,0.0,0.0,0.0,0.0,Both
1,1,1,1,-1,-1,-1,1,1,0,0,0,0,0,0.0,0.0,0.0,0.0,Both
1,1,1,1,-1,-1,0,-1,-1,0,0,0,0,0,0.0,0.0,0.0,0.0,Both
1,1,1,1,-1,-1,0,-1,0,0,0,0,0,0,0.0,0.0,0.0,0.0,Both
1,1,1,1,-1,-1,0,-1,1,0,0,0,0,0,0.0,0.0,0.0,0.0,Both
1,1,1,1,-1,-1,0,0,-1,1,1,1,0,0,1.2747297186597115,0.9572338564400725,1.2747297186597115,0.9572338564400725,IFFLP
1,1,1,1,-1,-1,0,0,0,0,0,0,0,0,0.0,0.0,0.0,0.0,IFFLP
1,1,1,1,-1,-1,0,0,1,0,0,0,0,0,0.0,0.0,0.0,0.0,IFFLP
1,1,1,1,-1,-1,0,1,-1,0,0,0,0,0,0.0,0.0,0.0,0.0,Both
1,1,1,1,-1,-1,0,1,0,0,0,0,0,0,0.0,0.0,0.0,0.0,Both
1,1,1,1,-1,-1,0,1,1,0,0,0,0,0,0.0,0.0,0.0,0.0,Both
1,1,1,1,-1,-1,1,-1,-1,0,0,0,0,0,0.0,0.0,0.0,0.0,Both
1,1,1,1,-1,-1,1,-1,0,0,0,0,0,0,0.0,0.0,0.0,0.0,Both
1,1,1,1,-1,-1,1,-1,1,0,0,0,0,0,0.0,0.0,0.0,0.0,Both
1,1,1,1,-1,-1,1,0,-1,0,0,0,0,0,0.0,0.0,0.0,0.0,IFFLP
1,1,1,1,-1,-1,1,0,0,0,0,0,0,0,0.0,0.0,0.0,0.0,IFFLP
